IDX,DID
15714,1
15716,1
15715,1
1456,1
9154,1
13104,1
8803,1
11965,1
3083,1
2473,1
7036,1
12108,1
7038,1
12107,1
12109,1
369,1
6748,1
7037,1
12299,1
11895,1
12996,1
8754,1
10796,1
353,1
7576,1
7573,1
360,1
7584,1
13714,1
7574,1
354,1
356,1
8927,1
8759,1
8924,1
352,1
8758,1
7582,1
7119,1
2367,1
15696,1
15016,1
15013,1
7580,1
6344,1
366,1
15734,1
7583,1
6746,1
4115,1
1230,1
6508,1
11030,1
1238,1
9119,1
16112,1
6392,1
6980,1
6985,1
6982,1
13240,1
7120,1
370,1
1426,1
15698,1
357,1
1232,1
12548,1
2622,1
4617,1
11825,1
15694,1
6172,1
15736,1
2359,1
16474,1
4618,1
6048,1
8549,1
6448,1
5269,1
7124,1
358,1
3692,1
3698,1
10225,1
15682,1
3621,1
3618,1
8126,1
16476,1
359,1
14997,1
14955,1
9999,1
7125,1
1214,1
16477,1
12884,1
3694,1
7121,1
9152,1
3693,1
15977,1
16473,1
2369,1
1424,1
9153,1
9155,1
15697,1
4274,1
14934,1
4787,1
3696,1
13853,1
8757,1
13720,1
15695,1
15735,1
12883,1
14660,1
6455,1
16115,1
16114,1
10238,1
11515,1
6745,1
7123,1
15737,1
13561,1
16395,1
13307,1
13308,1
8085,1
11264,1
12248,1
11263,1
14936,1
4620,1
13676,1
14124,1
16784,1
2621,1
11942,1
11227,1
8128,1
10542,1
355,1
2474,1
9156,1
9151,1
2631,1
2632,1
15717,1
13983,1
7625,1
9090,1
12552,1
15088,1
11328,1
11111,1
15320,1
2801,1
11621,1
11250,1
9966,1
4987,1
16935,1
9970,1
11871,1
7749,1
18,1
8797,1
749,1
11317,1
15441,1
11385,1
15603,1
15004,1
2850,1
9225,1
12406,1
15591,1
8794,1
15507,1
6623,1
7489,1
12407,1
11872,1
15086,1
750,1
12705,1
2452,1
7486,1
12603,1
5628,1
914,1
11875,1
5957,1
1100,1
15063,1
15196,1
11225,1
5770,1
14878,1
15479,1
15444,1
5851,1
12232,1
5624,1
751,1
15505,1
12604,1
9108,1
752,1
4101,1
15218,1
1785,1
1101,1
364,2
316,2
1358,2
6871,2
9222,2
4003,2
15460,2
8818,2
15384,2
14920,2
15082,2
2457,2
12598,2
11212,2
15003,2
15114,2
10918,2
15508,2
5625,2
15207,2
4148,2
11874,2
15057,2
15538,2
15459,2
11788,2
873,2
4104,2
11323,2
9221,2
11214,2
5125,2
12310,2
11395,2
5168,2
15083,2
14907,2
15195,2
14963,2
10622,2
11623,2
5038,2
15060,2
2960,2
5955,2
12599,2
7455,2
12571,2
12197,2
11384,2
12383,2
15322,2
2193,2
7482,2
11252,2
11377,2
15173,2
5845,2
9116,2
8817,2
9967,2
14999,2
14986,2
12471,2
14916,2
15318,2
15216,2
918,2
748,2
11249,2
4226,2
15009,2
15589,2
3419,2
15360,2
7488,2
15146,2
15059,2
5956,2
10919,2
15554,2
1750,2
15427,2
903,2
14880,2
15344,2
11820,2
15317,2
11818,2
11542,2
11787,2
5849,2
11390,2
9112,2
3416,2
11620,2
15464,2
4102,2
6950,2
4286,2
1355,2
4284,2
4225,2
15478,2
3420,2
5960,2
11381,2
1357,2
11322,2
11223,2
11327,2
15386,2
11110,2
7350,2
15552,2
2973,2
11315,2
5858,2
15188,2
610,2
2738,2
3415,2
12228,2
12601,2
15414,2
15323,2
15443,2
12478,2
15149,2
4227,2
15147,2
15605,2
15139,2
15204,2
15426,2
11380,2
11784,2
12227,2
573,2
15221,2
15562,2
14879,2
2456,2
15565,2
15278,2
11785,2
14909,2
2798,2
12701,2
15251,2
317,2
2800,2
10917,2
4001,2
1099,2
15442,2
11316,2
15410,2
2802,2
12594,2
15189,2
14910,2
4147,2
15243,2
11222,2
11379,2
15250,2
11388,2
877,2
1098,2
12602,2
1356,2
15586,2
15087,2
5626,2
4152,2
876,2
11625,2
15191,2
4285,2
15222,2
913,2
15606,2
15428,2
15480,2
2970,2
7750,2
15325,2
14877,2
5044,2
15005,2
5608,2
15463,2
15215,2
11387,2
4287,2
15285,2
2737,2
15119,2
15537,2
7485,2
15481,2
11210,2
11622,2
5623,2
12944,2
4150,2
15244,2
5609,2
9223,2
15080,2
15217,2
15385,2
5771,2
2849,2
1753,2
12702,2
11624,2
6602,3
7318,3
16434,3
16579,3
16447,3
1548,3
16436,3
15969,3
11434,3
7453,3
16437,3
16445,3
5163,3
15967,3
16435,3
16552,3
12412,3
16439,3
16569,3
16478,3
6402,3
16519,3
7316,3
16590,3
16570,3
16490,3
10872,3
6403,3
6604,3
15773,3
16462,3
15774,3
11431,3
15775,3
11142,3
11481,3
9982,3
9959,3
14064,3
16464,3
6603,3
16562,3
16438,3
11433,3
16578,3
16465,3
5351,3
10869,3
14055,3
1547,3
1082,3
16573,3
16550,3
10871,3
4621,3
1050,3
14053,3
16571,3
7314,3
16542,3
13492,3
2275,3
16581,3
1545,3
16498,3
1546,3
4198,3
16792,3
12410,3
16612,3
15769,3
12414,3
16588,3
3628,3
16563,3
16577,3
16789,3
11644,3
4201,3
4200,3
16551,3
16591,3
1653,3
16611,3
10870,3
16489,3
2551,3
2550,3
16610,3
3913,3
7315,3
16564,3
5826,3
15961,3
16613,3
10016,3
5875,3
7950,3
16543,3
1085,3
15959,3
12418,3
15968,3
16512,3
1083,3
8372,3
1861,3
1860,3
7735,3
13504,3
5319,3
5318,3
15054,3
13136,3
5348,3
16589,3
16790,3
16572,3
15960,3
11307,3
16499,3
3630,3
7824,3
7748,3
6401,3
7317,3
5255,3
8591,3
7484,3
16791,3
16788,3
1210,3
12240,3
15846,3
11907,3
16546,3
15826,3
15566,3
13848,3
16534,3
15840,3
13845,3
16391,3
16535,3
16554,3
2739,3
14900,3
11398,3
2741,3
2742,3
16555,3
16548,3
14665,3
16545,3
11597,3
16547,3
5877,3
14818,3
5876,3
14812,3
15830,3
15804,3
1387,3
14820,3
14447,3
15743,3
6549,3
7958,3
16513,3
16511,3
10569,3
15742,3
7791,3
16515,3
16514,3
5322,3
8068,3
10664,3
5321,3
7781,3
3861,3
15827,3
15844,3
13663,3
3843,3
14666,3
15755,3
16451,3
6554,3
14817,3
16455,3
15831,3
11595,3
11596,3
14816,3
15210,3
15805,3
9452,3
14815,3
15845,3
15841,3
16538,3
14813,3
14904,3
14898,3
1354,3
3813,3
7957,3
15803,3
13664,3
4674,3
14956,3
15567,3
6551,3
14502,4
15811,4
14498,4
2205,4
14501,4
14500,4
15808,4
11420,4
15810,4
15749,4
14348,4
12265,4
15713,4
15750,4
11900,4
15748,4
2206,4
14233,4
9288,4
14236,4
14914,4
2704,4
14234,4
14235,4
9290,4
9446,4
15812,4
9444,4
9286,4
15712,4
2202,4
13275,4
11423,4
14503,4
10311,4
7407,4
10310,4
15746,4
9445,4
11899,4
2794,4
13279,4
11419,4
9443,4
2791,4
13276,4
12757,4
14287,4
2793,4
2545,4
8500,4
13274,4
2795,4
8497,4
8499,4
2543,4
12759,4
9447,4
8498,4
2792,4
14912,4
12756,4
2648,4
2207,4
9345,4
2789,4
9338,4
12229,4
13292,4
11440,4
12231,4
12230,4
5501,4
5499,4
5498,4
7963,4
12083,4
12354,4
4374,4
12356,4
8793,4
8981,4
8791,4
8518,4
8784,4
4980,4
9991,4
14970,4
14976,4
16939,4
514,4
763,4
764,4
513,4
9924,4
7440,4
9520,4
9560,4
9929,4
9927,4
9558,4
9925,4
11645,4
9561,4
2392,4
2393,4
2546,4
7473,4
7471,4
962,4
960,4
965,4
963,4
964,4
4996,4
9926,4
9823,4
15608,4
15607,4
978,4
977,4
12355,4
9769,4
9986,4
15756,4
11966,4
4965,4
9895,4
16553,4
14814,4
16393,4
14903,4
15473,4
15751,4
15754,4
16536,4
4482,4
12132,4
7682,4
7678,4
16394,4
15200,4
13771,4
7775,4
87,4
4629,4
4664,4
7836,4
7777,4
7840,4
777,4
7774,4
4245,4
14353,4
9210,4
5054,4
402,4
4630,4
3261,4
13948,4
5052,4
655,4
10215,4
4247,4
98,4
919,4
3260,4
9212,4
7839,4
9783,4
11603,4
10206,4
3175,4
10348,4
7837,4
10214,4
7786,4
405,4
10353,4
2641,4
13769,4
5055,4
9207,4
10207,4
406,4
10208,4
4831,4
4136,4
14351,4
4631,4
3174,4
9206,4
5053,4
10355,4
2634,4
10213,4
89,4
3846,4
4676,4
4313,4
14819,4
16440,4
15752,4
16537,4
9454,4
15753,4
14664,4
15842,4
9793,4
7959,4
15568,4
10499,4
12242,4
16408,4
15140,4
15843,4
803,5
12447,5
7945,5
7949,5
857,5
540,5
8764,5
1095,5
2408,5
6957,5
11459,5
6956,5
9358,5
11980,5
2407,5
7909,5
539,5
2209,5
4083,5
805,5
12443,5
1090,5
11253,5
4086,5
2414,5
2396,5
1094,5
6379,5
605,5
2761,5
7661,5
6525,5
11988,5
2210,5
7907,5
808,5
7943,5
6954,5
541,5
6382,5
6869,5
7730,5
806,5
2122,5
1086,5
6940,5
6381,5
11257,5
12444,5
6953,5
1088,5
11461,5
4560,5
1089,5
6939,5
11984,5
7908,5
10064,5
2412,5
1408,5
8767,5
1093,5
7910,5
8761,5
7657,5
7905,5
6936,5
6952,5
5036,5
6958,5
9360,5
7665,5
6942,5
7938,5
7946,5
7944,5
1091,5
10063,5
2211,5
7941,5
5386,5
12110,5
7948,5
6937,5
8765,5
3216,5
7664,5
4087,5
2123,5
804,5
807,5
3213,5
12442,5
8770,5
4515,5
4514,5
11986,5
566,5
7947,5
3214,5
6376,5
7683,5
570,5
568,5
7679,5
854,5
1092,5
12130,5
9359,5
8142,5
1087,5
12129,5
7681,5
2413,5
726,5
3210,5
11985,5
8070,5
8071,5
9357,5
537,5
538,5
4828,5
403,5
3255,5
13995,5
10211,5
14197,5
9787,5
2638,5
3257,5
10603,5
4128,5
9214,5
99,5
9785,5
4129,5
13998,5
3051,5
8775,5
13946,5
9215,5
7776,5
7838,5
10345,5
6324,5
5051,5
658,5
11601,5
11604,5
4937,5
7780,5
14347,5
10352,5
13772,5
9213,5
10347,5
7835,5
8774,5
7787,5
4832,5
9211,5
3262,5
14352,5
11599,5
4938,5
10604,5
8250,5
4829,5
8777,5
8782,5
9216,5
10354,5
14349,5
4830,5
11602,5
10216,5
5050,5
4632,5
925,5
15202,5
4628,5
7784,5
10217,5
9205,5
9786,5
7785,5
15201,5
13947,5
9172,5
2513,6
2796,6
2788,6
3061,6
2787,6
2797,6
11334,6
12758,6
12760,6
12202,6
12184,6
4607,6
15936,6
5947,6
15921,6
9619,6
2654,6
4793,6
9868,6
12117,6
15948,6
8248,6
15956,6
10905,6
16486,6
9618,6
16288,6
16341,6
13503,6
16340,6
16287,6
16337,6
16155,6
1607,6
13419,6
1612,6
16345,6
16289,6
13139,6
13420,6
11509,6
16153,6
4788,6
16338,6
16285,6
11510,6
13418,6
16286,6
16284,6
16131,6
16154,6
13251,6
16946,6
12204,6
15925,6
4608,6
5697,6
4025,6
4606,6
16582,6
4024,6
16456,6
16524,6
16056,6
16526,6
12188,6
15919,6
12074,6
5661,6
4021,6
15955,6
4022,6
9866,6
2758,6
16452,6
11534,6
11499,6
9474,6
11974,6
9486,6
9485,6
12676,6
9482,6
9473,6
9477,6
9475,6
4566,6
9476,6
8203,6
12677,6
8249,6
3969,6
2299,6
9472,6
9139,6
9140,6
4073,6
9483,6
9484,6
9480,6
12425,6
9141,6
4072,6
7152,6
16054,6
9481,6
5695,6
15920,6
12426,6
15930,6
13422,6
4834,6
4791,6
13421,6
16525,6
12075,6
14769,6
5236,6
16580,6
1116,6
12974,6
5143,6
10546,6
5139,6
6274,6
5132,6
3874,6
4023,6
13505,6
10464,6
5662,6
15937,6
15957,6
15958,6
11128,6
14840,6
15927,6
8301,6
15954,6
1977,6
15918,6
16453,6
16454,6
16055,6
13512,6
4790,6
5948,6
5660,6
4789,6
7154,6
11533,6
16510,6
7153,6
4792,6
11438,6
12203,6
14768,6
16053,6
12885,6
15929,6
9383,6
8505,6
5775,6
11535,6
9638,6
6215,6
10572,6
9380,6
6744,6
6205,6
10567,6
595,6
835,6
12341,6
10573,6
11536,6
585,6
8776,6
6520,6
8690,6
6921,6
9843,6
593,6
7995,6
9849,6
7993,6
7996,6
9737,6
9385,6
9848,6
7224,6
837,6
8804,6
6214,6
5773,6
7991,6
7227,6
7998,6
6693,6
12342,6
12344,6
9669,6
9850,6
8506,6
8682,6
1166,6
1308,6
1347,6
1300,6
1168,6
1163,6
1348,6
1165,6
1160,6
1076,6
1306,6
1345,6
1574,7
2191,7
15306,7
11964,7
7594,7
10226,7
2406,7
9239,7
2156,7
2039,7
1793,7
1628,7
2075,7
1565,7
11057,7
12990,7
14256,7
1629,7
14367,7
9236,7
2188,7
13009,7
2072,7
13008,7
10222,7
1564,7
7589,7
5316,7
1631,7
9238,7
14257,7
6677,7
2098,7
1792,7
13016,7
1912,7
1830,7
2048,7
2192,7
1562,7
15305,7
4572,7
6676,7
7470,7
6708,7
11054,7
9234,7
9235,7
5323,7
15307,7
9237,7
1568,7
9422,7
13017,7
889,7
6698,7
3804,7
5315,7
5241,7
1834,7
5314,7
13614,7
5243,7
1314,7
1161,7
9425,7
1310,7
1301,7
1349,7
2189,7
1169,7
1344,7
1157,7
1311,7
1162,7
1299,7
1800,7
9570,7
10025,7
10059,7
15030,7
14608,7
15031,7
15032,7
14848,7
8450,7
9804,7
8310,7
10042,7
9802,7
9530,7
10369,7
13710,7
10412,7
8687,7
6918,7
12343,7
6212,7
836,7
9640,7
5245,7
834,7
7951,7
7221,7
8503,7
8884,7
4491,7
8502,7
4486,7
8781,7
6260,7
4236,7
8888,7
9388,7
7952,7
9847,7
9844,7
6456,7
8783,7
9378,7
9642,7
9839,7
6917,7
8773,7
9387,7
8487,7
11538,7
7226,7
4233,7
4490,7
9740,7
6737,7
9341,7
10408,7
8780,7
8509,7
9386,7
8575,7
4230,7
16171,7
8504,7
8657,7
9693,7
6694,7
12340,7
10413,7
11537,7
9384,7
8678,7
9643,7
12140,7
10570,7
6213,7
9381,7
6741,7
6739,7
8508,7
6457,7
10574,7
9694,7
8679,7
4489,7
10571,7
10411,7
6255,7
9734,7
12139,7
8685,7
13669,7
13670,7
8095,7
2717,7
5821,7
7926,7
5818,7
15120,7
5777,7
5583,7
2718,7
14946,7
8076,7
2676,7
7962,7
14950,7
14147,7
5585,7
14942,7
15163,7
15071,7
2577,7
3029,7
7927,7
5816,7
3025,7
8639,7
15182,7
2083,7
5807,7
5616,7
5779,7
5820,7
5781,7
5735,7
8069,7
5819,7
14941,7
5809,7
882,7
1078,7
10370,7
5140,7
2097,7
6839,7
1303,7
1346,7
1633,7
6870,7
7906,7
11068,7
599,7
6841,7
2099,7
128,7
1570,7
498,7
13793,8
13645,8
9955,8
7960,8
9609,8
7351,8
13646,8
10003,8
7030,8
13792,8
5239,8
2658,8
11170,8
13806,8
13652,8
13805,8
13651,8
9935,8
12112,8
10904,8
12113,8
5729,8
8922,8
9958,8
8997,8
14938,8
13282,8
11285,8
10903,8
6989,8
6978,8
5602,8
9005,8
9006,8
13882,8
10899,8
10902,8
11310,8
10004,8
6986,8
13880,8
6930,8
13656,8
13501,8
7032,8
8143,8
13502,8
8995,8
8637,8
7866,8
11801,8
8996,8
8642,8
6896,8
9000,8
9603,8
13791,8
11789,8
9611,8
7033,8
6983,8
11175,8
2661,8
5734,8
4383,8
13790,8
13654,8
9602,8
2089,8
7025,8
13878,8
13500,8
11797,8
11506,8
11798,8
11795,8
11792,8
9931,8
8647,8
13648,8
11799,8
11169,8
9604,8
11314,8
9936,8
11282,8
11311,8
11313,8
13879,8
12115,8
3134,8
3146,8
8644,8
13794,8
13655,8
8260,8
11800,8
3137,8
1882,8
13649,8
11283,8
11177,8
13881,8
11168,8
9957,8
9934,8
11309,8
9606,8
9932,8
9954,8
5408,8
6558,8
13653,8
2084,8
12114,8
11407,8
11558,8
10375,8
10323,8
10373,8
7141,8
8192,8
10367,8
10884,8
10770,8
8194,8
10886,8
10456,8
10455,8
11959,8
11186,8
11556,8
10888,8
7142,8
11552,8
10751,8
8394,8
1141,8
1140,8
11559,8
11963,8
11554,8
3108,8
1148,8
7139,8
11962,8
11072,8
5424,8
11408,8
7138,8
5141,8
11189,8
1907,8
1143,8
8191,8
1062,8
1147,8
1219,8
11181,8
1850,8
1903,8
7812,8
3101,8
1763,8
3109,8
1761,8
6337,8
1220,8
852,8
851,8
853,8
1061,8
1759,8
3169,8
5700,8
11409,8
10994,8
2715,8
5399,8
5716,8
1911,8
5707,8
8186,8
7130,8
11957,8
8193,8
4052,8
2628,8
11190,8
10754,8
1764,8
4845,8
8185,8
7129,8
11184,8
1766,8
8183,8
3107,8
11961,8
10892,8
6329,8
3100,8
2627,8
5705,8
5345,8
4844,8
1910,8
1909,8
11071,8
11958,8
10998,8
7140,8
10454,8
4051,8
1146,8
11955,8
3168,8
2626,8
4050,8
11180,8
6334,8
6336,8
10753,8
11551,8
3098,8
3170,8
12127,8
10334,8
9241,8
10855,8
10865,8
4571,8
2094,8
4569,8
2095,8
5313,8
10924,8
1832,8
2096,8
2092,8
10544,8
11841,8
11843,8
14596,9
14753,9
14929,9
14611,9
13439,9
10052,9
11427,9
9803,9
10028,9
14926,9
14614,9
10057,9
14747,9
9533,9
9808,9
11429,9
9568,9
9270,9
14607,9
14846,9
14847,9
10031,9
10056,9
13013,9
8125,9
13441,9
8650,9
8119,9
13010,9
10058,9
9529,9
8516,9
14610,9
501,9
8121,9
14604,9
9805,9
14835,9
8515,9
9531,9
10575,9
13445,9
10041,9
14928,9
9631,9
10036,9
8124,9
8316,9
10040,9
8517,9
13012,9
14678,9
9183,9
2410,9
14615,9
13442,9
8769,9
8314,9
14752,9
12377,9
10453,9
14750,9
9814,9
9188,9
9809,9
13712,9
9182,9
14853,9
8311,9
15247,9
8762,9
13447,9
13444,9
9266,9
10024,9
8659,9
14597,9
10026,9
10029,9
8120,9
13316,9
11553,9
8451,9
8760,9
10053,9
1227,9
1798,9
15246,9
10032,9
8123,9
1569,9
10030,9
10046,9
14613,9
10055,9
13014,9
13443,9
4232,9
14612,9
10054,9
9741,9
10027,9
2304,9
11426,9
13713,9
8118,9
9795,9
8458,9
1864,9
1790,9
1782,9
1787,9
4064,9
14411,9
1862,9
4069,9
13977,9
3999,9
13407,9
1788,9
4578,9
14451,9
9613,9
14413,9
13414,9
13979,9
14416,9
4212,9
4063,9
4366,9
4211,9
11997,9
8980,9
1369,9
13400,9
5034,9
11477,9
3992,9
14307,9
14683,9
14308,9
12833,9
4065,9
11478,9
4582,9
12828,9
4540,9
14454,9
5031,9
8982,9
14152,9
14650,9
8990,9
14452,9
10875,9
3986,9
13972,9
12830,9
11476,9
4070,9
14680,9
14407,9
4538,9
8985,9
1867,9
15020,9
1713,9
15049,9
1712,9
14949,9
13976,9
14945,9
15073,9
15184,9
8107,9
8271,9
15051,9
14456,9
15164,9
13671,9
1718,9
14154,9
11290,9
13787,9
14549,9
15052,9
7883,9
15019,9
11460,9
7501,9
7413,9
8641,9
1888,9
1621,9
14412,9
13828,9
7491,9
13831,9
13797,9
12000,9
13832,9
14408,9
13827,9
11463,9
11999,9
13788,9
13970,9
15067,9
8638,9
8109,9
10395,9
13315,9
13673,9
8122,9
9396,10
4517,10
3591,10
3592,10
9395,10
3670,10
3595,10
7552,10
13347,10
1705,10
3327,10
13342,10
3598,10
2731,10
3593,10
3328,10
3599,10
3597,10
3329,10
3672,10
13299,10
15290,10
13163,10
7205,10
5825,10
2736,10
13303,10
12308,10
15555,10
4624,10
13283,10
5824,10
6794,10
13289,10
13034,10
13254,10
4499,10
3123,10
2640,10
6047,10
6796,10
1330,10
15445,10
4518,10
1341,10
6028,10
9391,10
13281,10
7204,10
7207,10
13253,10
13837,10
13161,10
13162,10
1332,10
1339,10
1708,10
1343,10
10908,10
13301,10
13256,10
1699,10
13159,10
1335,10
13040,10
13260,10
2732,10
13043,10
1340,10
13252,10
6030,10
3124,10
12303,10
7004,10
13044,10
13255,10
5823,10
15835,10
9392,10
7961,10
13413,10
13401,10
3988,10
14409,10
13410,10
8129,10
3997,10
4363,10
3998,10
1249,10
3047,10
4214,10
4365,10
2734,10
4580,10
4062,10
13405,10
13406,10
13174,10
3046,10
4480,10
14458,10
14460,10
14410,10
5736,10
8988,10
14406,10
13409,10
3045,10
14453,10
14461,10
12829,10
8989,10
3987,10
4539,10
12834,10
4061,10
7932,10
2891,10
3050,10
4536,10
13411,10
9612,10
3272,10
12137,10
2893,10
4577,10
11466,10
5727,10
14310,10
4575,10
15056,10
14684,10
13412,10
2735,10
15378,10
4479,10
2733,10
9657,10
4574,10
4483,10
3993,10
14457,10
5581,10
15155,10
7560,10
7556,10
7555,10
15074,10
5614,10
15151,10
5620,10
5817,10
15123,10
12325,10
12330,10
15122,10
15070,10
12321,10
12327,10
15276,10
8064,10
1895,10
1890,10
14932,10
8075,10
8111,10
1889,10
14937,10
1892,10
5599,10
1896,10
8103,10
14149,10
15150,10
11998,10
8101,10
14151,10
8091,10
14943,10
8112,10
5737,10
8073,10
8110,10
15021,10
14627,10
8825,10
5776,10
15154,10
15161,10
4053,10
12326,10
15076,10
12324,10
12319,10
11464,10
13795,10
7137,10
3648,10
3647,10
15183,10
10887,10
15072,10
15075,10
5810,10
3646,10
3651,10
15181,10
5822,10
13803,10
11187,10
14940,10
8066,10
10891,10
15162,10
1145,10
8102,10
8134,10
3209,10
8087,10
7131,10
1765,10
1904,10
5706,10
11960,10
5719,10
6293,10
3179,11
2264,11
2271,11
2561,11
2266,11
2274,11
13045,11
2265,11
6046,11
4185,11
6043,11
4279,11
2273,11
2541,11
6042,11
2267,11
3125,11
4709,11
1425,11
6039,11
1415,11
2575,11
1427,11
1428,11
2573,11
15852,11
3508,11
3658,11
3326,11
3515,11
3662,11
13345,11
3518,11
13291,11
3516,11
2643,11
3661,11
5995,11
4240,11
5800,11
13296,11
5994,11
3810,11
1195,11
1429,11
13294,11
1194,11
2642,11
2644,11
9397,11
2419,11
4249,11
3506,11
3177,11
2517,11
2428,11
13305,11
2422,11
4627,11
3503,11
13280,11
3504,11
13164,11
1406,11
3507,11
13300,11
2514,11
13285,11
10628,11
10626,11
13284,11
14958,11
5844,11
9975,11
11806,11
5273,11
13343,11
5842,11
2564,11
3254,11
13258,11
3256,11
2584,11
3686,11
13338,11
3505,11
3685,11
13346,11
3392,11
13160,11
14632,11
3393,11
13344,11
3383,11
6076,11
13435,11
14635,11
1139,11
1138,11
6052,11
5361,11
5589,11
4997,11
4968,11
3331,11
232,11
4500,11
3244,11
14634,11
3330,11
3676,11
3246,11
3683,11
14633,11
3675,11
8813,11
8807,11
3674,11
3677,11
3678,11
3682,11
8808,11
3242,11
3239,11
15706,11
15707,11
1342,11
10554,11
9690,11
8456,11
9770,11
11067,11
10545,11
3727,11
8771,11
607,11
10549,11
3720,11
9683,11
3792,11
606,11
3620,11
6027,11
9775,11
11074,11
3790,11
3624,11
8654,11
8658,11
3619,11
3554,11
10550,11
849,11
887,11
13290,11
3458,11
3724,11
6033,11
3606,11
1144,11
8303,11
1142,11
6026,11
11075,11
3555,11
6204,11
9729,11
9739,11
6202,11
3729,11
6206,11
9684,11
9723,11
9744,11
8661,11
856,11
9691,11
3461,11
9687,11
10553,11
3463,11
591,11
9753,11
3357,11
9759,11
3462,11
9718,11
3612,11
9688,11
3464,11
3466,11
3556,11
3350,11
3719,11
9755,11
3615,11
3354,11
3725,11
10307,11
3353,11
9733,11
886,11
3460,11
3756,11
855,11
9750,11
4707,12
7655,12
13432,12
7656,12
7232,12
9821,12
5968,12
7233,12
7235,12
5360,12
13434,12
3440,12
3436,12
14631,12
7236,12
7234,12
14108,12
3438,12
7405,12
7650,12
4213,12
14374,12
5363,12
233,12
1871,12
2416,12
5964,12
1604,12
14663,12
13436,12
5843,12
2198,12
9930,12
15014,12
6051,12
13388,12
2649,12
1390,12
9891,12
774,12
2300,12
7441,12
12411,12
8495,12
6050,12
1833,12
2322,12
13007,12
12453,12
13467,12
5324,12
2538,12
2190,12
1402,12
13389,12
5966,12
2542,12
234,12
15143,12
15142,12
5362,12
727,12
769,12
13539,12
12451,12
10463,12
16943,12
16123,12
7231,12
7230,12
5142,12
8806,12
6695,12
8812,12
11220,12
4529,12
10860,12
4528,12
12450,12
11878,12
9424,12
4967,12
11877,12
2257,12
3352,12
1799,12
3723,12
1802,12
3351,12
1630,12
3349,12
8556,12
3557,12
3753,12
3722,12
3625,12
3459,12
3347,12
10854,12
3345,12
3623,12
3728,12
3754,12
3793,12
9754,12
9685,12
3346,12
10551,12
9745,12
10237,12
3614,12
3718,12
9752,12
9720,12
10548,12
3356,12
10236,12
6738,12
1831,12
9724,12
3605,12
6735,12
3730,12
9758,12
11073,12
3355,12
3613,12
3721,12
9742,12
9746,12
3750,12
9689,12
3465,12
10555,12
3726,12
3456,12
8660,12
9686,12
3348,12
9743,12
9756,12
10552,12
598,12
3751,12
11066,12
10889,12
10547,12
10235,12
9738,12
9717,12
15015,12
9725,12
10890,12
9715,12
608,12
850,12
592,12
14417,12
16415,12
4579,12
16156,12
13404,12
4215,12
13981,12
14459,12
11465,12
4368,12
3991,12
13980,12
13408,12
4481,12
16383,12
16158,12
4209,12
14450,12
16157,12
5035,12
11996,12
4537,12
15055,12
14685,12
14423,12
4541,12
14595,12
13011,12
11428,12
14605,12
9528,12
14609,12
9487,12
11555,12
11425,12
4823,12
3984,12
8763,12
13440,12
14749,12
11430,12
14606,12
9534,12
11424,12
9576,12
9806,12
1020,12
2040,12
2042,12
1926,12
1164,12
1925,12
7627,12
7626,12
12679,12
7520,12
8703,13
16768,13
6808,13
16771,13
16769,13
5130,13
6840,13
13581,13
4466,13
13583,13
5980,13
13579,13
5127,13
16745,13
10896,13
5977,13
4427,13
4785,13
16766,13
16666,13
10950,13
10564,13
8133,13
4781,13
4357,13
8705,13
4556,13
3240,13
10364,13
4135,13
4672,13
4137,13
4782,13
4356,13
4360,13
3966,13
5463,13
5467,13
5087,13
7237,13
2907,13
4029,13
171,13
16687,13
4464,13
5984,13
16731,13
10956,13
4695,13
13208,13
10954,13
10955,13
4694,13
7553,13
115,13
8132,13
4459,13
4929,13
4463,13
4927,13
383,13
5657,13
7670,13
172,13
5307,13
16747,13
4465,13
5979,13
14016,13
11661,13
11660,13
11659,13
167,13
13238,13
10563,13
10566,13
16746,13
10779,13
5469,13
9549,13
8814,13
8815,13
9115,13
9114,13
6970,13
9623,13
9620,13
6969,13
9624,13
12333,13
15262,13
15264,13
15263,13
7942,13
16311,13
15261,13
16312,13
12332,13
12894,13
15801,13
11563,13
15240,13
8731,13
16533,13
12898,13
9625,13
9622,13
9621,13
12897,13
16129,13
15211,13
5604,13
6615,13
13306,13
6617,13
6620,13
6616,13
6619,13
13429,13
6618,13
10138,13
10139,13
10127,13
5631,13
10760,13
5634,13
10758,13
6828,13
13430,13
6827,13
12208,13
11757,13
569,13
10132,13
13304,13
565,13
12210,13
12081,13
11410,13
12205,13
12085,13
12211,13
6830,13
13431,13
11755,13
12212,13
11756,13
12352,13
12209,13
12353,13
6878,13
13297,13
6837,13
6968,13
15708,13
15691,13
7177,13
15199,13
4975,13
16929,13
16945,13
15212,13
15693,13
15692,13
15619,13
15618,13
16505,13
16504,13
9943,13
9647,13
12903,13
12511,13
12997,13
13003,13
12999,13
13532,13
9942,13
13005,13
7075,13
13001,13
13006,13
12998,13
13000,13
13002,13
9648,13
11956,13
13004,13
16497,13
16506,13
15681,13
11562,13
12515,13
12678,13
12514,13
12674,13
13295,13
12519,13
14832,13
13529,13
13531,13
13682,13
15680,13
16521,13
16520,13
14651,13
13530,13
1180,14
1065,14
1316,14
1179,14
1465,14
1520,14
1529,14
1530,14
1400,14
1320,14
1198,14
1576,14
1720,14
1289,14
1325,14
6032,14
4361,14
1818,14
1323,14
4924,14
4358,14
4354,14
1040,14
1199,14
1460,14
1200,14
1824,14
1319,14
6328,14
1039,14
6029,14
6327,14
1848,14
4926,14
1268,14
1878,14
1284,14
6031,14
4352,14
3684,14
4355,14
1845,14
3671,14
1326,14
1327,14
1282,14
12797,14
1526,14
1281,14
1844,14
1203,14
8155,14
8159,14
3517,14
3325,14
8156,14
3323,14
1208,14
3509,14
1847,14
1842,14
6613,14
6034,14
6326,14
6325,14
11940,14
1822,14
4795,14
6609,14
6614,14
1318,14
6608,14
1519,14
1849,14
6333,14
6024,14
6611,14
4784,14
4362,14
1730,14
12803,14
1401,14
1709,14
1466,14
1264,14
6321,14
1399,14
11292,14
1816,14
1573,14
1265,14
6189,14
1846,14
1737,14
1606,14
1734,14
11295,14
1571,14
11815,14
1578,14
1577,14
1575,14
1817,14
1324,14
1287,14
6286,14
1915,14
4745,14
4794,14
1729,14
1392,14
1820,14
1732,14
564,14
1819,14
12317,14
1825,14
1394,14
6323,14
6320,14
1891,14
1735,14
1893,14
1736,14
1066,14
1322,14
1733,14
1201,14
1263,14
1391,14
1393,14
1067,14
1182,14
2063,14
1259,14
4928,14
1823,14
1321,14
1317,14
1206,14
1315,14
8225,14
4474,14
7913,14
7911,14
7912,14
8226,14
16529,14
8232,14
9764,14
8233,14
4889,14
8231,14
13691,14
1276,14
11339,14
5040,14
5923,14
6408,14
12382,14
1273,14
7779,14
5930,14
1987,14
16528,14
16532,14
7055,14
7054,14
718,14
2060,14
11773,14
1437,14
1274,14
5917,14
721,14
1435,14
1275,14
4471,14
5916,14
1384,14
4475,14
1386,14
2015,14
5928,14
1385,14
16826,15
10897,15
5963,15
16660,15
387,15
11628,15
2549,15
11647,15
11654,15
1821,15
5128,15
11655,15
5462,15
2249,15
170,15
114,15
2250,15
5961,15
7238,15
2547,15
5962,15
2790,15
5694,15
2548,15
237,15
169,15
11970,15
7695,15
1244,15
16878,15
16765,15
7128,15
3617,15
16857,15
16638,15
5126,15
386,15
4780,15
4353,15
4779,15
4923,15
4462,15
5308,15
11277,15
5306,15
3519,15
9143,15
16743,15
9142,15
16748,15
16686,15
11652,15
5465,15
4696,15
10565,15
11646,15
10953,15
16635,15
10951,15
11967,15
16767,15
2910,15
5129,15
3699,15
16665,15
119,15
6965,15
16858,15
4693,15
14957,15
9977,15
10000,15
4468,15
16661,15
16732,15
16744,15
11631,15
16664,15
4697,15
6971,15
10952,15
2786,15
2784,15
4429,15
11969,15
16730,15
8949,15
16637,15
16879,15
1650,15
4555,15
10477,15
16881,15
392,15
10498,15
4219,15
10379,15
13538,15
5612,15
393,15
9065,15
5908,15
13537,15
4159,15
4470,15
13667,15
4890,15
16880,15
9765,15
5077,15
4552,15
10381,15
50,15
6802,15
10478,15
9856,15
6804,15
9853,15
3938,15
10695,15
9985,15
4888,15
3939,15
1641,15
3871,15
4160,15
8897,15
8898,15
10380,15
2014,15
5909,15
9208,15
6404,15
5934,15
5610,15
4558,15
4156,15
3940,15
5914,15
4221,15
580,15
1643,15
5605,15
4222,15
6411,15
10480,15
3869,15
10632,15
4223,15
581,15
10704,15
10703,15
2013,15
10702,15
5920,15
4633,15
10694,15
9209,15
10500,15
16530,15
5037,15
4157,15
10631,15
2168,15
4158,15
5041,15
10705,15
4887,15
1651,15
4473,15
5919,15
11486,15
3941,15
5938,15
13690,15
3937,15
3870,15
723,15
5918,15
11772,15
5915,15
2061,15
11774,15
14810,15
14811,15
1277,15
1430,15
5929,15
14239,15
14240,15
1353,15
4634,15
9763,15
9064,15
10479,15
4218,15
4220,15
51,15
3868,15
10693,15
16770,15
9963,15
5235,15
16401,15
4720,15
2485,15
16910,16
16413,16
16342,16
3974,16
4679,16
896,16
3921,16
15260,16
11171,16
16117,16
3971,16
5468,16
10706,16
4843,16
3831,16
11173,16
15609,16
4208,16
15611,16
4217,16
15612,16
15574,16
15578,16
15613,16
4842,16
4391,16
5466,16
16669,16
15610,16
4216,16
5457,16
4841,16
5453,16
5559,16
5905,16
16689,16
5464,16
2740,16
2743,16
16909,16
1405,16
15573,16
7062,16
7533,16
15577,16
5561,16
16116,16
15252,16
15575,16
7528,16
5924,16
895,16
16119,16
2744,16
7917,16
5926,16
1404,16
4837,16
15580,16
16118,16
16004,16
7752,16
4678,16
2699,16
4692,16
4677,16
5904,16
3028,16
8324,16
4836,16
4393,16
3920,16
3832,16
5256,16
3972,16
15731,16
15759,16
5927,16
512,16
15576,16
15257,16
11137,16
4379,16
2948,16
4139,16
4378,16
10692,16
11138,16
2700,16
11139,16
3026,16
6062,16
2766,16
5263,16
6064,16
16343,16
16344,16
3973,16
14917,16
14918,16
4034,16
6892,16
5925,16
6716,16
2767,16
7064,16
13232,16
4035,16
15579,16
15914,16
15913,16
3027,16
8802,16
4036,16
3559,16
8354,16
4535,16
4833,16
5903,16
7063,16
5257,16
2947,16
3024,16
12762,16
24,16
4294,16
12534,16
16386,16
11845,16
4698,16
4210,16
12795,16
95,16
4364,16
22,16
5765,16
5769,16
4117,16
16292,16
8408,16
23,16
11802,16
16294,16
4303,16
16201,16
7469,16
5872,16
11849,16
12531,16
12111,16
4141,16
11848,16
6419,16
4375,16
6417,16
4302,16
25,16
5871,16
5200,16
7460,16
5767,16
5978,16
3904,16
5869,16
7458,16
4116,16
16203,16
12794,16
5201,16
5867,16
5763,16
12792,16
27,16
11764,16
16291,16
6418,16
16207,16
12529,16
4373,16
15703,16
1550,16
15815,16
9832,16
15814,16
15821,16
9831,16
15782,16
15824,16
1901,16
1934,16
1475,16
1270,16
15818,16
12056,16
11864,16
12133,16
11862,16
15796,16
12216,16
5866,16
6683,16
16290,16
16200,16
16205,16
12793,16
5198,16
4114,16
3898,16
14998,16
5862,16
11766,16
16385,16
16920,16
13632,16
13498,16
16921,16
8406,16
5878,16
5880,16
15066,16
16672,16
2201,16
3359,16
14122,16
14121,16
4055,16
2341,16
2196,16
10185,16
12773,17
12483,17
9327,17
13030,17
9747,17
7511,17
10339,17
7509,17
10781,17
10335,17
2957,17
14043,17
8841,17
4899,17
14316,17
14051,17
3916,17
9326,17
10336,17
3915,17
6385,17
13073,17
14017,17
13197,17
13033,17
9325,17
14315,17
11119,17
13074,17
14041,17
4896,17
10333,17
12556,17
10338,17
10785,17
11353,17
7323,17
12555,17
4898,17
8745,17
13072,17
10799,17
14044,17
14019,17
10794,17
13110,17
8748,17
13075,17
11731,17
13198,17
2199,17
4058,17
13107,17
11738,17
7508,17
14052,17
11739,17
8850,17
10784,17
8843,17
13105,17
11736,17
11565,17
10337,17
13106,17
13109,17
3358,17
2195,17
14047,17
2197,17
14027,17
10331,17
12802,17
14022,17
9324,17
14045,17
4526,17
9748,17
12553,17
12547,17
2200,17
8573,17
13070,17
14046,17
13108,17
12774,17
3362,17
14711,17
8901,17
9749,17
11879,17
4057,17
10679,17
1836,17
14042,17
11968,17
10187,17
3363,17
3918,17
11359,17
3917,17
1751,17
16898,17
16899,17
12172,17
3202,17
1552,17
3206,17
2986,17
4777,17
2719,17
1271,17
11853,17
5352,17
1894,17
15794,17
15781,17
1267,17
878,17
12288,17
12287,17
5509,17
5519,17
15710,17
15825,17
15832,17
12213,17
9751,17
15838,17
1551,17
15834,17
4280,17
1025,17
15792,17
10982,17
3873,17
4407,17
12388,17
11491,17
5350,17
15778,17
15702,17
3872,17
12217,17
12207,17
15777,17
15797,17
12386,17
15705,17
4778,17
5520,17
1028,17
15823,17
5515,17
12214,17
1269,17
11863,17
1256,17
12387,17
12183,17
15833,17
15822,17
1549,17
15836,17
15704,17
15837,17
1027,17
15776,17
1023,17
880,17
15795,17
4776,17
12289,17
12290,17
9876,17
15798,17
12029,17
1472,17
1033,17
12027,17
10983,17
15839,17
1483,17
12389,17
7001,17
11865,17
12028,17
9825,17
12292,17
1021,17
15701,17
12059,17
1542,17
15793,17
12215,17
15819,17
4408,17
15780,17
1024,17
1026,17
7002,17
10984,17
1474,17
15779,17
1544,17
12022,17
5349,17
9834,17
1266,17
1543,17
12026,17
12293,17
12057,17
15816,17
15709,17
15820,17
10681,17
3502,17
10680,17
11358,17
8550,17
2333,17
10186,17
11357,17
2335,17
6747,17
10181,17
9066,17
10247,17
14292,17
10798,17
16639,17
2464,17
4056,17
16777,17
13543,17
16776,17
2466,17
2467,17
16778,17
13540,17
2194,17
16811,17
14291,17
10797,17
10795,17
1731,18
1012,18
7386,18
12247,18
7390,18
12123,18
9255,18
12192,18
9257,18
12244,18
12243,18
9254,18
12100,18
9253,18
12246,18
9256,18
12121,18
2650,18
7310,18
12120,18
7275,18
12887,18
15389,18
2465,18
12249,18
12077,18
1013,18
9080,18
4320,18
7276,18
7384,18
8960,18
1080,18
7684,18
8966,18
1079,18
12191,18
12190,18
12384,18
12891,18
14326,18
14325,18
6356,18
15419,18
5992,18
6862,18
15829,18
12890,18
2415,18
2468,18
6675,18
2490,18
2162,18
14230,18
14227,18
12892,18
2489,18
12481,18
15521,18
12250,18
1081,18
1077,18
7267,18
4048,18
4307,18
3996,18
3514,18
3896,18
3744,18
3701,18
14209,18
3900,18
3897,18
14225,18
2403,18
3899,18
12122,18
6705,18
14919,18
1298,18
15018,18
13350,18
4623,18
13349,18
4786,18
4683,18
12101,18
4680,18
4625,18
9148,18
4682,18
14229,18
9081,18
5987,18
14228,18
6375,18
14210,18
12126,18
9646,18
7197,18
9676,18
5022,18
9192,18
11819,18
11817,18
12886,18
16603,18
12078,18
12148,18
12071,18
12070,18
1908,18
16643,18
16887,18
7200,18
9708,18
13348,18
9150,18
12888,18
12261,18
11299,18
7198,18
5864,18
6863,18
16883,18
8953,18
7277,18
15033,18
15039,18
15038,18
7581,18
15035,18
7389,18
15036,18
7199,18
15213,18
13390,18
12125,18
16002,18
12889,18
13386,18
16135,18
16376,18
8407,18
3965,18
16336,18
16293,18
3882,18
3883,18
3881,18
6415,18
7468,18
16914,18
5764,18
11805,18
4276,18
12761,18
11847,18
4277,18
7461,18
6687,18
12480,18
4295,18
6682,18
5199,18
11846,18
12764,18
5983,18
5205,18
12533,18
166,18
6689,18
6686,18
26,18
16377,18
12791,18
11808,18
16208,18
12482,18
3905,18
5868,18
12772,18
11809,18
16387,18
5870,18
3906,18
11765,18
6688,18
7466,18
6685,18
802,18
616,18
615,18
801,18
800,18
609,18
1477,18
12291,18
612,18
798,18
611,18
617,18
799,18
15817,18
1482,18
10981,18
9451,18
5863,18
16918,18
16813,18
1659,18
13773,18
16919,18
5865,18
5768,18
1202,18
1658,18
11807,18
16950,18
16949,18
9978,18
16948,18
16137,18
4142,18
14376,18
14375,18
16003,18
15915,18
5881,18
16677,18
9605,18
8251,18
14354,18
14125,18
14123,18
2555,18
16779,18
9919,18
14355,18
8681,19
3821,19
2995,19
3160,19
3536,19
3000,19
4796,19
3386,19
3430,19
3249,19
3609,19
3706,19
3713,19
4639,19
4167,19
3388,19
2020,19
3426,19
3001,19
3815,19
3295,19
4851,19
3433,19
2990,19
3159,19
3156,19
2999,19
7762,19
3538,19
3537,19
3673,19
3250,19
12910,19
3601,19
9543,19
3136,19
8792,19
3139,19
9504,19
4616,19
4743,19
4857,19
8305,19
9908,19
7540,19
3251,19
3425,19
9899,19
9007,19
2997,19
9905,19
3157,19
3243,19
3300,19
4826,19
4242,19
3296,19
9698,19
3607,19
12893,19
3253,19
12901,19
8683,19
2996,19
9672,19
8312,19
13035,19
3304,19
8438,19
8680,19
3446,19
11577,19
3424,19
12913,19
4312,19
10019,19
3387,19
9704,19
7769,19
10611,19
8883,19
3298,19
10608,19
2989,19
9511,19
2998,19
10652,19
3715,19
9540,19
9782,19
9722,19
4783,19
3531,19
8452,19
6184,19
10968,19
9774,19
9680,19
3152,19
12918,19
4850,19
3689,19
4306,19
4849,19
8536,19
4309,19
8542,19
3429,19
3534,19
5797,19
9773,19
3391,19
3443,19
4824,19
5778,19
2992,19
7765,19
7454,19
3385,19
8538,19
3150,19
3245,19
3691,19
3445,19
3384,19
6907,19
3151,19
4310,19
4308,19
6670,19
3158,19
6905,19
8543,19
2988,19
9098,19
3432,19
3428,19
3539,19
6903,19
3610,19
8442,19
3690,19
3138,19
3989,19
3241,19
2994,19
2278,19
8539,19
4734,19
9103,19
8540,19
4169,19
3252,19
4305,19
8261,19
3116,19
3688,19
3153,19
3155,19
2993,19
4244,19
3147,19
3149,19
3423,19
4241,19
3687,19
9096,19
6432,19
2374,19
15791,19
16018,19
16008,19
10210,19
2372,19
15938,19
3148,19
9522,19
2019,19
1694,19
3228,19
3224,19
3198,19
2574,19
1989,19
1983,19
1948,19
2011,19
3380,19
1696,19
614,19
1979,19
613,19
1986,19
14570,19
1682,19
2012,19
1870,19
14763,19
1982,19
2010,19
1695,19
2017,19
1693,19
1685,19
3196,19
3232,19
3708,19
3707,19
15882,20
16041,20
16013,20
6579,20
15866,20
10305,20
16048,20
16095,20
16066,20
16016,20
8592,20
15940,20
15903,20
15885,20
15884,20
15883,20
15906,20
16071,20
15909,20
16042,20
6430,20
15908,20
10190,20
7018,20
15855,20
15907,20
15879,20
16046,20
16065,20
15881,20
15905,20
15904,20
11671,20
11688,20
16073,20
5258,20
16019,20
16010,20
16057,20
5502,20
16107,20
15900,20
15988,20
16015,20
16080,20
15878,20
16101,20
11685,20
10209,20
16108,20
16096,20
16060,20
16052,20
16007,20
15860,20
16078,20
16076,20
11689,20
16081,20
16069,20
16082,20
15859,20
16067,20
15858,20
15877,20
10212,20
16105,20
16074,20
16006,20
16094,20
16009,20
16079,20
15894,20
11677,20
16106,20
16061,20
16077,20
10189,20
16098,20
16063,20
15987,20
15990,20
16102,20
15873,20
16001,20
16068,20
15888,20
16093,20
16000,20
15902,20
8593,20
15991,20
15992,20
15857,20
16092,20
16070,20
16064,20
15999,20
15865,20
16075,20
16011,20
15889,20
11680,20
15998,20
15869,20
16017,20
15887,20
16091,20
15910,20
16104,20
16047,20
16012,20
16043,20
15896,20
16050,20
16072,20
15863,20
16014,20
15898,20
15899,20
15939,20
15864,20
15886,20
16045,20
16097,20
16100,20
16049,20
10191,20
3427,20
3154,20
4314,20
3390,20
16084,20
16059,20
16086,20
15880,20
16103,20
16020,20
16051,20
15784,20
15856,20
11692,20
15861,20
15867,20
15862,20
15868,20
16083,20
16099,20
16085,20
5500,20
11686,20
4704,20
4703,20
4706,20
1991,20
1749,20
1683,20
3099,20
1687,20
1747,20
1876,20
2725,20
2864,20
10182,20
1950,20
2669,20
1944,20
14520,20
1985,20
14572,20
1988,20
1689,20
2862,20
1873,20
2716,20
3191,20
10407,20
3111,20
3193,20
1945,20
1954,20
1691,20
1688,20
3195,20
3105,20
3103,20
3190,20
1981,20
14602,20
1875,20
1990,20
532,20
1789,20
1874,20
14619,20
13603,20
1980,20
13599,20
12658,20
13622,20
1951,20
13628,20
2003,20
12661,20
13624,20
13600,20
12657,20
13597,20
14621,20
12659,20
13602,20
13626,20
13596,20
3106,20
12660,20
12662,20
13598,20
14623,20
14624,20
13601,20
6074,20
13627,20
13625,20
13623,20
1984,20
14779,20
14780,20
14626,20
1947,20
2448,20
1946,20
14781,20
14739,20
14522,20
14547,20
3373,20
3372,20
13658,20
6521,20
14545,20
14827,20
14828,20
13659,20
14825,20
14826,20
8876,21
8433,21
8882,21
8432,21
8455,21
9517,21
9911,21
9681,21
8213,21
8054,21
9902,21
8055,21
10023,21
8211,21
8219,21
10649,21
8060,21
9509,21
9478,21
8886,21
9677,21
9507,21
12899,21
8695,21
9700,21
9702,21
9545,21
9726,21
9900,21
9516,21
10402,21
8537,21
8279,21
8217,21
618,21
9907,21
9469,21
9510,21
9513,21
8449,21
12955,21
9544,21
9903,21
13036,21
9512,21
12916,21
12914,21
11578,21
10018,21
9906,21
8061,21
8699,21
12915,21
10414,21
1587,21
8530,21
9728,21
12917,21
11234,21
8702,21
13032,21
12895,21
8447,21
8701,21
8453,21
8435,21
12956,21
9546,21
12953,21
13039,21
12920,21
9909,21
12959,21
9515,21
12911,21
8885,21
13037,21
10022,21
12902,21
8697,21
12954,21
8694,21
12856,21
8700,21
12896,21
10020,21
9904,21
8441,21
12919,21
13031,21
9727,21
8448,21
8436,21
8454,21
12947,21
10410,21
12946,21
12909,21
9910,21
9922,21
671,21
10535,21
9438,21
10675,21
9086,21
216,21
10526,21
10670,21
10672,21
9434,21
10606,21
10618,21
10224,21
11238,21
10233,21
9433,21
10901,21
11242,21
10538,21
302,21
303,21
9088,21
11239,21
11162,21
219,21
10523,21
214,21
3604,21
10528,21
10529,21
10234,21
10525,21
10218,21
9089,21
10519,21
11241,21
11237,21
10609,21
9093,21
298,21
10674,21
225,21
11240,21
10607,21
11275,21
11276,21
10507,21
10610,21
4133,21
10520,21
10671,21
10614,21
11273,21
10513,21
10163,21
10514,21
10613,21
11161,21
222,21
11244,21
10530,21
11261,21
11256,21
341,21
11474,21
215,21
9435,21
220,21
10511,21
2429,21
10527,21
10906,21
300,21
10536,21
10512,21
299,21
289,21
10516,21
10910,21
9432,21
11164,21
10508,21
9442,21
10517,21
10677,21
1815,21
9092,21
11166,21
10612,21
11165,21
10524,21
9440,21
10669,21
6025,21
9100,21
10540,21
10673,21
304,21
10537,21
11243,21
10219,21
2516,21
11167,21
762,21
10227,21
10667,21
2277,21
2430,21
10534,21
10676,21
10522,21
12563,21
12686,21
12565,21
12812,21
12568,21
12566,21
12562,21
12564,21
12569,21
12567,21
12687,21
12040,21
12314,21
9878,21
10078,21
8212,21
10076,21
12688,21
12037,21
8216,21
10083,21
10082,21
10081,21
8015,21
3775,22
11490,22
7490,22
11743,22
3499,22
11860,22
9289,22
6504,22
46,22
6882,22
6881,22
7259,22
6877,22
11752,22
11340,22
7503,22
11861,22
6502,22
8014,22
4207,22
11851,22
11856,22
11850,22
1865,22
3774,22
3311,22
3310,22
3781,22
3312,22
1939,22
11858,22
9564,22
47,22
2071,22
6163,22
3734,22
3542,22
9292,22
3314,22
3733,22
3732,22
43,22
12464,22
11747,22
7264,22
4206,22
11748,22
8978,22
11740,22
11859,22
8977,22
12446,22
48,22
12448,22
12470,22
12445,22
12900,22
1666,22
12449,22
12469,22
912,22
8013,22
8696,22
6883,22
1670,22
12850,22
911,22
9542,22
9293,22
11855,22
9719,22
910,22
14852,22
10021,22
13396,22
9514,22
14309,22
1814,22
12958,22
10653,22
8698,22
8440,22
9122,22
10048,22
3608,22
3389,22
3611,22
9121,22
10102,22
9581,22
3035,22
10137,22
9595,22
3166,22
2745,22
2810,22
2481,22
2746,22
3165,22
10051,22
9569,22
9601,22
3162,22
10180,22
3164,22
8262,22
8264,22
3161,22
2375,22
10101,22
5940,22
10098,22
3163,22
6814,22
9598,22
9582,22
2387,22
2381,22
6678,22
500,22
2380,22
2382,22
10079,22
5725,22
10109,22
10142,22
9586,22
505,22
10107,22
768,22
12982,22
9928,22
4581,22
10147,22
10129,22
2346,22
9577,22
10184,22
3056,22
2679,22
6779,22
9580,22
6782,22
12983,22
10100,22
4583,22
4585,22
9592,22
9123,22
8263,22
2652,22
4586,22
14146,22
5967,22
9124,22
14148,22
9590,22
2088,22
2865,22
12334,22
3110,22
3189,22
2660,22
12335,22
2681,22
3183,22
15028,22
2080,22
2355,22
3055,22
1366,22
12328,22
3184,22
14526,22
2861,22
1998,22
1370,22
12836,22
1879,22
13268,22
2343,22
2086,22
12981,22
2579,22
3057,22
13270,22
13192,22
11662,22
2186,22
12976,22
13120,22
13153,22
13140,22
12337,22
12979,22
11664,22
13157,22
12550,22
12973,22
12331,22
13550,22
13547,22
12980,22
12336,22
14944,22
13142,22
2868,22
11667,22
10625,22
13551,22
7446,23
14435,23
5118,23
14366,23
14063,23
5434,23
7279,23
551,23
2691,23
12748,23
5283,23
7451,23
6815,23
12579,23
5437,23
14392,23
7280,23
5482,23
1499,23
12577,23
3369,23
375,23
8424,23
4914,23
252,23
379,23
1003,23
3043,23
7535,23
4883,23
12576,23
12821,23
8919,23
12622,23
7366,23
14339,23
5543,23
549,23
2773,23
12669,23
7285,23
6712,23
2708,23
5449,23
13988,23
8328,23
14191,23
5485,23
8836,23
7527,23
9455,23
9024,23
349,23
14444,23
9308,23
5115,23
9317,23
12670,23
13990,23
3040,23
4932,23
14072,23
2775,23
12743,23
5447,23
8524,23
7294,23
941,23
14399,23
8788,23
6783,23
5293,23
5285,23
8418,23
6186,23
381,23
251,23
5443,23
14298,23
7345,23
264,23
2834,23
1004,23
4873,23
9021,23
545,23
14370,23
14190,23
270,23
8527,23
8752,23
5340,23
13968,23
7286,23
8420,23
5551,23
5346,23
8521,23
9462,23
5338,23
12636,23
12575,23
3277,23
3650,23
12580,23
3470,23
9314,23
12635,23
8036,23
2709,23
6706,23
9466,23
7281,23
10010,23
10068,23
11195,23
10008,23
4406,23
4404,23
8215,23
10861,23
11042,23
11896,23
11202,23
5083,23
10006,23
10857,23
12025,23
11047,23
9571,23
14185,23
10853,23
7771,23
3036,23
10769,23
4254,23
8210,23
7850,23
10863,23
7707,23
3602,23
10067,23
14186,23
7851,23
10014,23
11194,23
11050,23
10866,23
10009,23
4239,23
11198,23
9431,23
7709,23
10868,23
10013,23
1605,23
10867,23
11049,23
12810,23
7704,23
10879,23
4228,23
12570,23
7849,23
7706,23
3037,23
4409,23
10856,23
4238,23
11935,23
11206,23
11044,23
11937,23
11205,23
11199,23
10762,23
11201,23
10876,23
11938,23
9280,23
11939,23
10880,23
563,23
11048,23
11200,23
6582,23
11045,23
10881,23
7852,23
6581,23
7705,23
10012,23
8223,23
6580,23
6578,23
8221,23
4235,23
16384,23
14577,23
7526,23
11193,23
7534,23
6577,23
11517,23
7700,23
8222,23
11006,23
5617,23
5758,23
9437,23
7354,23
11051,23
11197,23
12680,23
12683,23
833,23
12684,23
12845,23
13424,23
3038,23
2227,23
8704,23
2287,23
3065,23
3469,23
2291,23
2298,23
2290,23
3468,23
2217,23
2222,23
8228,23
2294,23
2157,23
7170,23
2228,23
2225,23
841,23
2155,23
838,23
10066,23
11894,23
10005,23
1627,23
10072,23
11898,23
14330,23
10086,23
12039,23
10071,23
5317,23
12312,23
10069,23
10085,23
14995,23
9988,23
14965,23
3654,24
13986,24
7983,24
7289,24
14372,24
940,24
2707,24
4931,24
8043,24
14332,24
14067,24
9450,24
14304,24
561,24
1359,24
245,24
14396,24
5110,24
14300,24
13951,24
946,24
8042,24
1175,24
2803,24
2730,24
272,24
5557,24
8933,24
13959,24
9315,24
6191,24
12747,24
7287,24
4912,24
6242,24
5523,24
14335,24
3281,24
14397,24
1008,24
1497,24
559,24
12584,24
14336,24
8929,24
14441,24
4885,24
5309,24
7874,24
8926,24
8753,24
2875,24
3472,24
13953,24
14301,24
13969,24
12591,24
13964,24
562,24
2818,24
7290,24
1500,24
1496,24
2816,24
2919,24
13991,24
5553,24
5086,24
12823,24
2921,24
376,24
351,24
8421,24
12671,24
554,24
3285,24
14069,24
5444,24
4934,24
14329,24
7339,24
5550,24
14442,24
1501,24
6241,24
2269,24
223,24
13954,24
6239,24
14193,24
5540,24
5229,24
13952,24
2779,24
7452,24
1170,24
9013,24
7989,24
9070,24
12668,24
265,24
7864,24
5554,24
13987,24
8932,24
3783,24
7361,24
14070,24
12582,24
3639,24
3479,24
8920,24
12585,24
12624,24
8175,24
9075,24
5287,24
4908,24
13950,24
2268,24
3476,24
14303,24
7895,24
7896,24
11698,24
11693,24
6850,24
8724,24
11497,24
11504,24
8098,24
11498,24
15847,24
7116,24
8088,24
9494,24
7886,24
7882,24
11394,24
9496,24
9489,24
8099,24
7885,24
11502,24
11694,24
11618,24
8093,24
9498,24
7113,24
7104,24
8725,24
11615,24
8730,24
9497,24
7114,24
9500,24
8728,24
7884,24
16024,24
8096,24
11619,24
3771,24
11396,24
15622,24
8722,24
11505,24
7048,24
8729,24
11699,24
11611,24
16026,24
14905,24
7050,24
8726,24
11954,24
7103,24
9493,24
9491,24
8090,24
11612,24
7892,24
16036,24
11503,24
16238,24
7049,24
7804,24
7117,24
11614,24
9589,24
3187,24
2354,24
2662,24
9587,24
2348,24
4367,24
2087,24
9591,24
6681,24
2349,24
4763,24
7102,24
3766,24
7110,24
1724,24
13807,24
3009,24
8708,24
11274,24
11160,24
10539,24
10515,24
10521,24
8711,24
11271,24
9439,24
11157,24
10518,24
301,24
11163,24
10509,24
11158,24
10533,24
2276,24
2219,24
843,24
3064,24
12808,24
12693,24
3077,24
12695,24
846,24
12811,24
3039,24
844,24
7847,24
845,24
2158,24
10084,24
2295,24
9731,24
12313,24
10075,24
847,24
842,24
10073,24
7622,25
1780,25
2000,25
1999,25
1781,25
12763,25
1768,25
4549,25
7621,25
13895,25
1619,25
9233,25
9228,25
9535,25
9537,25
9541,25
9539,25
4439,25
1770,25
4440,25
9536,25
11098,25
3376,25
6412,25
3378,25
4437,25
4441,25
3375,25
8470,25
8465,25
4752,25
1775,25
3220,25
8471,25
12766,25
8460,25
13259,25
13167,25
8464,25
13562,25
3551,25
13169,25
3236,25
11099,25
4719,25
13170,25
12771,25
13171,25
13168,25
4718,25
7245,25
12415,25
3207,25
11669,25
7421,25
8617,25
6967,25
4716,25
13891,25
12769,25
4717,25
7240,25
12965,25
4551,25
7420,25
3547,25
1786,25
12420,25
11100,25
9231,25
12419,25
4544,25
12423,25
12767,25
13567,25
12770,25
12422,25
11131,25
13261,25
9296,25
13566,25
7974,25
4753,25
13263,25
4710,25
7971,25
4545,25
9226,25
1616,25
1620,25
8135,25
12768,25
4438,25
3548,25
3549,25
7970,25
3208,25
4546,25
4550,25
7973,25
15337,25
1622,25
7969,25
13896,25
15335,25
6016,25
9301,25
4714,25
1072,25
15340,25
5423,25
13264,25
4713,25
11902,25
11903,25
3299,25
3306,25
11904,25
12424,25
15338,25
3586,25
4436,25
3309,25
11133,25
13262,25
3550,25
3577,25
3305,25
7966,25
4711,25
3292,25
3301,25
7968,25
5425,25
12421,25
3291,25
4715,25
8325,25
4548,25
7975,25
6272,25
3294,25
3247,25
9920,25
10145,25
1740,25
2895,25
10143,25
10097,25
8269,25
10104,25
9730,25
10108,25
10115,25
6776,25
10131,25
9599,25
10183,25
10103,25
9574,25
10105,25
9923,25
10179,25
10113,25
10153,25
10141,25
2389,25
8266,25
9120,25
9575,25
10144,25
9594,25
10110,25
9578,25
9579,25
8268,25
10151,25
10188,25
10150,25
5943,25
5075,25
5970,25
11564,25
10111,25
9572,25
11561,25
10106,25
9573,25
3062,25
10114,25
8265,25
9597,25
5965,25
5072,25
6813,25
10140,25
15286,25
10116,25
6780,25
10134,25
9471,25
10112,25
10130,25
7143,25
3022,25
15339,25
15334,25
3053,25
3048,25
3180,25
3030,25
13273,25
2663,25
2085,25
3054,25
2859,25
11179,25
2657,25
1923,25
3181,25
2081,25
2347,25
2082,25
3182,25
1957,25
2867,25
2030,25
4576,25
2351,25
6194,26
5497,26
6157,26
1762,26
6011,26
6155,26
6010,26
3313,26
4334,26
1757,26
9287,26
3976,26
6475,26
3381,26
6474,26
7507,26
79,26
4202,26
6193,26
4331,26
3975,26
4332,26
11744,26
1760,26
3895,26
11346,26
3977,26
5642,26
12499,26
11741,26
3307,26
11971,26
5933,26
12517,26
3308,26
11345,26
7266,26
4330,26
11352,26
6014,26
6015,26
6166,26
12510,26
3303,26
9553,26
5939,26
45,26
3500,26
5651,26
85,26
3772,26
427,26
11347,26
434,26
3382,26
4333,26
7505,26
12413,26
7506,26
6880,26
12417,26
12518,26
6160,26
3495,26
6017,26
11852,26
11932,26
44,26
1797,26
5937,26
11745,26
6158,26
4203,26
6162,26
6164,26
6500,26
86,26
12549,26
6468,26
12222,26
7504,26
5935,26
6879,26
8274,26
7265,26
3552,26
11746,26
11922,26
4205,26
6161,26
1942,26
432,26
12,26
3293,26
1941,26
3893,26
41,26
11921,26
42,26
6470,26
9563,26
11924,26
1129,26
8298,26
12280,26
12218,26
40,26
8288,26
4329,26
1623,26
3218,26
8290,26
4338,26
12253,26
3496,26
1866,26
4524,26
12513,26
3217,26
1940,26
10969,26
12516,26
3892,26
426,26
4335,26
4340,26
176,26
4431,26
12363,26
6012,26
4430,26
3219,26
12360,26
1791,26
12358,26
4339,26
12251,26
4755,26
12361,26
5489,26
4432,26
4336,26
6167,26
9716,26
12362,26
6471,26
6154,26
436,26
84,26
431,26
4337,26
12220,26
6013,26
3297,26
435,26
5936,26
433,26
3894,26
6473,26
12252,26
83,26
6465,26
74,26
4756,26
1196,26
3887,26
10974,26
1579,26
10975,26
1572,26
3501,26
11931,26
8893,26
9692,26
3498,26
11933,26
3578,26
6018,26
8079,26
8656,26
8373,26
932,26
55,26
8295,26
9819,26
9367,26
8084,26
8289,26
7890,26
3668,26
933,26
8601,26
8655,26
5562,26
8293,26
8375,26
8376,26
12455,26
8294,26
5998,26
13965,27
348,27
8523,27
2705,27
8170,27
6713,27
2878,27
419,27
7363,27
2882,27
5355,27
14342,27
2881,27
12573,27
14334,27
14398,27
5525,27
7340,27
3041,27
5516,27
7295,27
13960,27
7343,27
4919,27
3279,27
9069,27
12749,27
3145,27
9017,27
4876,27
6240,27
12617,27
5226,27
14189,27
8787,27
949,27
8522,27
8168,27
14333,27
5357,27
4907,27
2923,27
3094,27
5410,27
3360,27
5221,27
6714,27
8526,27
14113,27
12618,27
14369,27
5223,27
7296,27
9457,27
5295,27
5114,27
14194,27
13992,27
2698,27
520,27
6236,27
5290,27
1493,27
1176,27
14068,27
1006,27
7990,27
7332,27
5084,27
7292,27
14440,27
2922,27
14294,27
6232,27
244,27
8834,27
12619,27
542,27
7869,27
8525,27
994,27
228,27
14439,27
13985,27
5354,27
7335,27
3776,27
4917,27
2845,27
9014,27
5216,27
13967,27
8173,27
12633,27
8319,27
9022,27
12664,27
5356,27
414,27
943,27
7930,27
13158,27
11721,27
13156,27
11727,27
338,27
11723,27
11442,27
1187,27
12141,27
374,27
8514,27
11718,27
4733,27
11451,27
4738,27
12143,27
10293,27
10646,27
14859,27
12149,27
11591,27
12151,27
11444,27
11722,27
14858,27
11452,27
9001,27
5786,27
11724,27
11449,27
4803,27
5791,27
12150,27
13046,27
10909,27
9852,27
372,27
336,27
10164,27
9858,27
12306,27
11719,27
11720,27
10285,27
12145,27
373,27
12300,27
6117,27
334,27
4744,27
11726,27
10651,27
11729,27
12142,27
10294,27
11441,27
11448,27
9004,27
11725,27
11589,27
4807,27
12307,27
10439,27
10167,27
10647,27
9857,27
12036,27
9790,27
8619,27
8616,27
11590,27
8999,27
10168,27
9784,27
9002,27
340,27
9788,27
8615,27
11709,27
11710,27
12304,27
11730,27
12138,27
9003,27
11513,27
1609,27
11520,27
11203,27
11207,27
1608,27
1582,27
11043,27
1610,27
11046,27
1611,27
8220,27
10761,27
9436,27
11196,27
11192,27
11204,27
2978,27
6586,27
6583,27
12689,27
6585,27
7764,27
12694,27
12692,27
2160,27
3066,27
13415,27
2229,27
2282,27
2220,27
12690,27
2292,27
2297,27
2296,27
1044,27
1043,27
3074,27
2280,27
2226,27
12038,27
2288,27
3070,27
2289,27
2293,27
2161,27
2159,27
3071,27
3067,27
2221,27
10080,27
10077,27
11600,28
4847,28
4176,28
4852,28
4177,28
4638,28
3924,28
3822,28
3926,28
4732,28
4748,28
4746,28
5558,28
3930,28
4164,28
4750,28
11638,28
4747,28
5563,28
11639,28
1771,28
4168,28
4865,28
4725,28
4801,28
4853,28
4740,28
4731,28
4637,28
3932,28
3934,28
4724,28
4856,28
3819,28
3936,28
11641,28
4173,28
11642,28
4860,28
2426,28
3817,28
4124,28
4804,28
4846,28
4163,28
4863,28
4602,28
4864,28
4175,28
3931,28
4737,28
3933,28
4166,28
4605,28
15231,28
3929,28
4855,28
4810,28
11637,28
4726,28
3927,28
11643,28
1257,28
14913,28
16134,28
1258,28
16132,28
4729,28
5564,28
1261,28
6663,28
1773,28
3816,28
6671,28
4498,28
4171,28
3818,28
11579,28
5560,28
4728,28
4735,28
6669,28
4799,28
4848,28
11585,28
11582,28
6672,28
4727,28
4246,28
6658,28
6668,28
11583,28
5900,28
11584,28
6667,28
4861,28
6666,28
6665,28
4797,28
4811,28
4600,28
5891,28
3935,28
3812,28
4835,28
10441,28
7218,28
5899,28
10282,28
5885,28
13042,28
4174,28
11640,28
5798,28
14915,28
4601,28
3928,28
4866,28
13041,28
4172,28
4812,28
4736,28
4503,28
3814,28
4604,28
4862,28
10648,28
3820,28
10433,28
15228,28
4502,28
10432,28
15238,28
4138,28
4867,28
15239,28
15229,28
6851,28
7052,28
8723,28
10124,28
6849,28
9490,28
7806,28
8086,28
9495,28
11616,28
8727,28
8089,28
7894,28
8721,28
7115,28
11613,28
15851,28
11953,28
11496,28
7805,28
10119,28
9492,28
7112,28
8097,28
11697,28
7108,28
7051,28
11696,28
7109,28
7107,28
11500,28
6848,28
7045,28
11617,28
7106,28
11501,28
7047,28
7105,28
8100,28
7046,28
11695,28
8044,28
1171,28
7448,28
557,28
8323,28
9025,28
2880,28
6715,28
3773,28
5435,28
12826,28
2752,28
8178,28
547,28
3778,28
3414,28
8839,28
2695,28
8320,28
8177,28
9460,28
14192,28
8172,28
2703,28
12746,28
8832,28
544,28
14297,28
3474,28
14073,28
2781,28
5278,28
9010,28
5296,28
14434,28
2835,28
7400,28
2904,28
5698,28
7401,28
2605,28
7403,28
7402,28
7393,28
7396,28
5696,28
7399,28
5692,28
5969,28
7398,28
6187,28
3003,28
4762,28
3020,28
6178,28
2607,28
3013,28
6988,28
3011,28
3770,28
3769,28
746,28
1488,29
9078,29
12632,29
5432,29
266,29
14338,29
2822,29
1486,29
12589,29
4880,29
558,29
2778,29
8430,29
14112,29
1011,29
9072,29
5549,29
14302,29
14295,29
14187,29
5526,29
7297,29
249,29
14377,29
9012,29
8035,29
14157,29
3368,29
1498,29
3421,29
5219,29
14446,29
4930,29
2838,29
7329,29
8935,29
12922,29
12921,29
8991,29
12586,29
550,29
14400,29
9018,29
6188,29
14403,29
2872,29
5512,29
5542,29
5353,29
5448,29
246,29
14296,29
2770,29
14438,29
13961,29
380,29
5122,29
5544,29
12628,29
3287,29
8751,29
9458,29
8322,29
8741,29
3288,29
1178,29
8992,29
3364,29
4918,29
9456,29
5080,29
8987,29
12824,29
3284,29
271,29
9015,29
2883,29
9448,29
4871,29
3092,29
5521,29
3370,29
2920,29
9459,29
3759,29
4879,29
5274,29
8051,29
7443,29
8169,29
5438,29
9019,29
2924,29
2701,29
2833,29
2685,29
5332,29
7985,29
7368,29
2774,29
4884,29
254,29
9303,29
5528,29
14159,29
13982,29
12590,29
1173,29
4913,29
12673,29
552,29
8750,29
7436,29
548,29
2873,29
4872,29
250,29
5450,29
2821,29
519,29
14299,29
5480,29
8327,29
2771,29
8329,29
378,29
6234,29
14437,29
258,29
5555,29
8921,29
516,29
7344,29
7278,29
7346,29
3144,29
6785,29
2841,29
5479,29
14436,29
14293,29
5105,29
556,29
14306,29
9074,29
2769,29
12637,29
2917,29
5538,29
3371,29
7641,29
8033,29
2915,29
3629,29
4886,29
555,29
12572,29
263,29
4881,29
1495,29
5343,29
6707,29
7870,29
3042,29
6710,29
3636,29
4933,29
12672,29
9318,29
2780,29
12656,29
8048,29
5445,29
12752,29
14344,29
14445,29
262,29
4901,29
7987,29
5545,29
5277,29
5446,29
12751,29
8838,29
12581,29
1007,29
14074,29
518,29
2840,29
5483,29
8837,29
9304,29
12033,29
9792,29
4741,29
12034,29
4805,29
11701,29
11454,29
4798,29
8519,29
11700,29
4739,29
11728,29
5796,29
11711,29
5795,29
11717,29
5790,29
4802,29
11713,29
5793,29
5789,29
10292,29
5794,29
12032,29
12144,29
4800,29
12146,29
11443,29
9789,29
4806,29
4808,29
9791,29
12305,29
339,29
4809,29
11450,29
12147,29
8598,30
293,30
9820,30
14773,30
14625,30
14588,30
14770,30
14478,30
14555,30
8555,30
14585,30
14476,30
4180,30
9362,30
4532,30
8296,30
14481,30
8300,30
14649,30
14475,30
14480,30
7956,30
14553,30
14695,30
6312,30
728,30
14777,30
10011,30
14590,30
8559,30
14472,30
7832,30
8017,30
2178,30
14477,30
14473,30
14629,30
14628,30
14591,30
8291,30
14557,30
14474,30
14471,30
8684,30
14470,30
2827,30
2215,30
8693,30
14655,30
14551,30
1684,30
14558,30
14488,30
14654,30
14772,30
7539,30
4449,30
14587,30
14771,30
4455,30
14593,30
8074,30
14584,30
14489,30
9361,30
8082,30
14552,30
8887,30
8065,30
8008,30
8292,30
8072,30
8596,30
3097,30
14554,30
7888,30
5336,30
13212,30
12369,30
13154,30
5420,30
327,30
6299,30
8206,30
5422,30
8365,30
6702,30
5138,30
3379,30
8428,30
8363,30
3794,30
10157,30
4443,30
5337,30
3795,30
10460,30
6692,30
5018,30
5135,30
12372,30
10155,30
13249,30
5137,30
8208,30
4388,30
8205,30
6302,30
5017,30
5339,30
8207,30
5331,30
12373,30
5019,30
5133,30
5134,30
7819,30
13384,30
13155,30
7820,30
5419,30
7813,30
4387,30
4838,30
8425,30
5417,30
7228,30
10158,30
10154,30
5131,30
5335,30
10443,30
10152,30
2982,30
5136,30
15026,30
6731,30
5329,30
5021,30
8188,30
5020,30
5334,30
6703,30
11061,30
9584,30
8182,30
7821,30
4573,30
6729,30
6301,30
10149,30
3059,30
14150,30
3186,30
13266,30
6679,30
2869,30
2578,30
3188,30
2353,30
2352,30
12136,30
13802,30
2659,30
1997,30
4587,30
13272,30
2870,30
1922,30
2091,30
3185,30
2860,30
3023,30
11291,30
14455,30
2858,30
14528,30
2345,30
12338,30
2683,30
2090,30
2680,30
2344,30
2580,30
3104,30
11172,30
2866,30
4584,30
3060,30
2651,30
2684,30
3058,30
2350,30
13271,30
3052,30
9416,30
3021,30
10663,30
10660,30
4076,30
3010,30
2606,30
3767,30
2597,30
2604,30
3283,31
4916,31
14388,31
3627,31
14065,31
5275,31
3367,31
5124,31
7980,31
227,31
3786,31
13989,31
5524,31
12574,31
230,31
12623,31
5299,31
8034,31
5522,31
377,31
2814,31
12620,31
3788,31
5288,31
2842,31
5484,31
7288,31
9009,31
7447,31
13984,31
6233,31
5116,31
12667,31
350,31
2914,31
1174,31
14340,31
3655,31
6784,31
5539,31
2751,31
2876,31
267,31
5078,31
8785,31
382,31
5537,31
248,31
12634,31
7284,31
3631,31
7988,31
5529,31
3142,31
3787,31
1009,31
8179,31
274,31
9463,31
8786,31
3417,31
2912,31
7875,31
5433,31
7291,31
9310,31
2693,31
14337,31
546,31
8426,31
4878,31
12750,31
14158,31
9312,31
14373,31
9026,31
269,31
9076,31
12753,31
3141,31
14393,31
515,31
14371,31
14395,31
3777,31
7341,31
945,31
13962,31
5119,31
8930,31
14343,31
4909,31
7880,31
6818,31
14188,31
5359,31
8833,31
5289,31
14443,31
8840,31
9307,31
3635,31
2963,31
2279,31
3859,31
4381,31
6289,31
5344,31
3127,31
3854,31
5330,31
2968,31
6734,31
11053,31
6477,31
6298,31
2964,31
11059,31
11052,31
6472,31
6476,31
2281,31
2959,31
3762,31
10159,31
6467,31
3129,31
8368,31
2125,31
2853,31
6478,31
6297,31
5014,31
8209,31
8190,31
10156,31
8423,31
7229,31
3012,31
3764,31
4764,31
6684,31
7603,31
6097,31
3014,31
4765,31
4078,31
7613,31
2596,31
7602,31
4075,31
13820,31
4760,31
2903,31
3004,31
3018,31
3008,31
4359,31
2901,31
2894,31
4761,31
10661,31
2905,31
6190,31
6979,31
6913,31
3007,31
3019,31
10657,31
2603,31
6691,31
4079,31
4767,31
3005,31
4766,31
6910,31
4768,31
4467,31
13819,31
4673,31
2902,31
2608,31
733,31
2602,31
10662,31
2899,31
11159,31
6906,31
4469,31
6990,31
3006,31
3763,31
5693,31
13816,31
745,31
6690,31
4759,31
13813,31
4077,31
3015,31
2906,31
3765,31
3768,31
13814,31
13815,31
1646,31
13811,31
2619,32
5494,32
2522,32
5023,32
5487,32
5490,32
16269,32
15763,32
16318,32
16301,32
16296,32
13762,32
15766,32
2520,32
16263,32
16264,32
15762,32
16307,32
16323,32
16322,32
5436,32
16324,32
2618,32
16260,32
16328,32
5442,32
2616,32
5495,32
16320,32
16316,32
16268,32
16261,32
15767,32
2523,32
14592,32
16255,32
16327,32
16314,32
16321,32
16245,32
8299,32
5382,32
16277,32
16319,32
5491,32
14778,32
13732,32
14479,32
13767,32
3488,32
16244,32
14482,32
16303,32
16240,32
16305,32
5312,32
16237,32
16242,32
3482,32
5492,32
14483,32
5496,32
16243,32
14484,32
16300,32
2826,32
16239,32
16306,32
16270,32
16271,32
13727,32
16273,32
14556,32
16267,32
2519,32
16317,32
2617,32
16241,32
3484,32
16275,32
16272,32
5493,32
16302,32
16304,32
3485,32
13885,32
16334,32
5486,32
13884,32
16313,32
16329,32
14630,32
16295,32
13887,32
13876,32
16330,32
16583,32
9816,32
16585,32
16266,32
5385,32
16257,32
4603,32
16299,32
2851,32
8297,32
16262,32
16584,32
15764,32
16325,32
15761,32
2176,32
16265,32
14652,32
15765,32
16297,32
2411,32
15760,32
2409,32
5383,32
2772,32
7953,32
5440,32
5279,32
14589,32
14642,32
14485,32
14643,32
14653,32
3632,32
14586,32
5341,32
2706,32
14550,32
16256,32
7369,32
4253,32
14276,32
2172,32
2526,32
8778,32
2525,32
2183,32
2521,32
4250,32
5379,32
104,32
5439,32
8507,32
13721,32
4252,32
2527,32
4251,32
13764,32
8067,32
5441,32
8597,32
16308,32
734,32
16276,32
292,32
16274,32
9682,32
13886,32
9365,32
14018,32
4256,32
14636,32
3471,32
14283,32
5281,32
5311,32
8141,32
12454,32
3780,32
3132,32
3126,32
2283,32
2813,32
2962,32
2130,32
2815,32
7822,32
2965,32
4386,32
4840,32
2961,32
10459,32
8189,32
3130,32
4435,32
4839,32
6300,32
6733,32
2284,32
8429,33
2843,33
8174,33
2694,33
12587,33
8427,33
5284,33
12627,33
12754,33
8740,33
5527,33
996,33
418,33
3143,33
5517,33
3637,33
1005,33
5297,33
5224,33
4882,33
2913,33
5117,33
3478,33
4920,33
2930,33
5085,33
5286,33
14390,33
7376,33
5548,33
14401,33
8321,33
12755,33
9008,33
8824,33
2697,33
3282,33
5291,33
2839,33
7283,33
8431,33
7331,33
2836,33
2918,33
14429,33
5510,33
8422,33
8993,33
5513,33
8835,33
2690,33
4910,33
9461,33
4870,33
5280,33
3276,33
14071,33
4877,33
12631,33
417,33
7877,33
2844,33
9023,33
7293,33
5298,33
8047,33
3365,33
9464,33
12578,33
12592,33
3477,33
5556,33
9073,33
2805,33
14368,33
14389,33
14328,33
224,33
5541,33
5546,33
5088,33
13957,33
2777,33
14156,33
9449,33
5475,33
8984,33
12638,33
2929,33
12825,33
1172,33
14404,33
5109,33
9011,33
5342,33
5333,33
9071,33
5089,33
7372,33
14305,33
342,33
12822,33
3086,33
226,33
4911,33
5082,33
14345,33
5081,33
273,33
2927,33
14331,33
12745,33
8744,33
12663,33
2808,33
5103,33
7986,33
8528,33
2750,33
3653,33
229,33
14195,33
2804,33
3475,33
268,33
7336,33
7450,33
253,33
5276,33
560,33
2926,33
8332,33
13958,33
3280,33
14402,33
14394,33
6704,33
3638,33
3366,33
3289,33
2928,33
5111,33
2916,33
8925,33
4935,33
9453,33
2925,33
3286,33
5452,33
5547,33
12588,33
13955,33
9313,33
4982,33
8986,33
3473,33
4942,33
4970,33
9020,33
5451,33
6790,33
5227,33
950,33
7342,33
5104,33
3633,33
1010,33
5552,33
3361,33
14341,33
12666,33
7881,33
6778,33
5511,33
9992,33
5079,33
8333,33
14378,33
8045,33
2879,33
12583,33
1209,33
5518,33
5282,33
5222,33
1177,33
5292,33
2768,33
2696,33
553,33
2911,33
543,33
13963,33
5228,33
14289,33
1491,33
2837,33
7282,33
7981,33
5514,33
3290,33
7984,33
12818,33
13966,33
9079,33
2702,33
259,33
8520,33
247,33
6819,33
2776,33
257,33
12665,33
13956,33
944,33
8994,33
5358,33
9465,33
14405,33
6238,33
1489,33
9077,33
6711,33
9316,33
2692,33
3634,33
14290,33
6709,33
1494,33
12621,33
14066,33
14346,33
9016,33
4915,33
10451,34
10448,34
10559,34
12551,34
11,34
12537,34
12436,34
10562,34
12281,34
10561,34
10557,34
12275,34
12780,34
12429,34
12438,34
12557,34
13064,34
11672,34
11888,34
11887,34
13735,34
13063,34
3957,34
6868,34
3959,34
10560,34
10341,34
10558,34
8823,34
10724,34
10725,34
13065,34
3962,34
3964,34
10332,34
10722,34
3960,34
3961,34
10452,34
3955,34
8944,34
12645,34
3963,34
12859,34
12862,34
13841,34
13840,34
12857,34
13844,34
13842,34
9,34
12544,34
7364,34
12545,34
12546,34
13843,34
13839,34
12782,34
12541,34
14737,34
7370,34
14831,34
5008,34
6341,34
2560,34
8197,34
14830,34
7439,34
7365,34
14265,34
5005,34
14573,34
14764,34
4700,34
14269,34
14732,34
12283,34
14734,34
5006,34
8009,34
8195,34
14576,34
14271,34
13061,34
14449,34
4127,34
12558,34
14258,34
14268,34
14264,34
4126,34
3954,34
14274,34
8010,34
8007,34
14273,34
12465,34
8199,34
4125,34
8941,34
14729,34
14519,34
14266,34
8198,34
12779,34
14262,34
14754,34
14575,34
14733,34
7577,34
13325,34
12284,34
14464,34
10,34
14270,34
14259,34
12781,34
14574,34
12395,34
14463,34
12402,34
14260,34
12535,34
7449,34
14267,34
14263,34
14261,34
12642,34
7570,34
12644,34
12437,34
12643,34
12559,34
7578,34
14571,34
12641,34
7092,34
14272,34
14462,34
7575,34
7094,34
8104,34
12466,34
12639,34
13633,34
15352,34
8196,34
15472,34
12560,34
9565,34
7569,34
12270,34
12467,34
12351,34
12640,34
12536,34
15482,34
15388,34
3410,34
3908,34
16805,34
15518,34
5211,34
15504,34
15349,34
4146,34
3411,34
3669,34
5204,34
7517,34
15556,34
11123,34
15327,34
15400,34
15417,34
15509,34
15510,34
15466,34
15393,34
3910,34
15310,34
15446,34
15430,34
3909,34
16802,34
7192,34
4144,34
15399,34
15431,34
5210,34
15350,34
16527,34
15416,34
16804,34
15346,34
15484,34
15313,34
15347,34
14677,35
4038,35
15435,35
14465,35
4195,35
15432,35
4196,35
4269,35
4268,35
5176,35
5175,35
4495,35
15041,35
15040,35
4494,35
4656,35
424,35
2909,35
2908,35
14468,35
4995,35
4953,35
3167,35
2785,35
15424,35
16682,35
5722,35
4944,35
5723,35
16658,35
14215,35
12733,35
15017,35
15390,35
15064,35
15065,35
4962,35
16005,35
4264,35
4265,35
2783,35
2782,35
9794,35
10316,35
10659,35
10318,35
534,35
533,35
4954,35
14467,35
10644,35
16870,35
16659,35
9921,35
13846,35
7834,35
16654,35
8011,35
16495,35
15985,35
16679,35
16872,35
15983,35
14218,35
13847,35
12732,35
5251,35
5250,35
14220,35
14350,35
7831,35
14469,35
8493,35
16492,35
16693,35
4194,35
16493,35
16741,35
16656,35
16678,35
11978,35
16680,35
16871,35
12087,35
12538,35
13461,35
12504,35
12509,35
16851,35
14466,35
4032,35
16681,35
13458,35
16113,35
14216,35
14217,35
15979,35
12543,35
13460,35
4193,35
15980,35
16683,35
12532,35
13201,35
13459,35
15981,35
16850,35
16655,35
16695,35
13236,35
12730,35
12520,35
16764,35
13237,35
14499,35
2624,35
2623,35
15542,35
16926,35
15022,35
3497,35
16923,35
16917,35
16893,35
16925,35
16924,35
16922,35
9822,35
15025,35
15560,35
602,35
9918,35
9865,35
5202,35
7518,35
3409,35
7303,35
603,35
604,35
7516,35
7307,35
7302,35
7803,35
2976,35
8819,35
8816,35
3405,35
7510,35
7772,35
3911,35
7382,35
7304,35
468,35
3903,35
7513,35
5203,35
7778,35
5209,35
7367,35
15387,35
15401,35
469,35
15434,35
15395,35
15394,35
4143,35
15397,35
15469,35
15351,35
15488,35
15418,35
15638,35
15396,35
15312,35
15311,35
15553,35
7306,35
15487,35
1444,35
1443,35
13133,35
15541,35
13277,35
15757,35
16894,35
16896,35
16897,35
16895,35
15806,35
15639,35
16756,35
15559,35
15561,35
4941,35
4952,35
14980,35
3731,35
3736,35
16828,35
16827,35
14202,35
15024,35
13506,35
13278,35
15543,35
16754,35
5180,35
5179,35
13507,35
10252,35
16829,35
16830,35
16915,35
16916,35
12468,35
12076,35
242,35
8202,35
15398,35
15471,35
243,35
4945,35
4956,35
4957,35
16494,36
16496,36
4197,36
12091,36
16849,36
9880,36
9882,36
7031,36
12268,36
6316,36
9881,36
9879,36
7027,36
12269,36
7029,36
8706,36
6350,36
12272,36
6315,36
12267,36
6313,36
12273,36
8599,36
6309,36
12271,36
6891,36
12805,36
8000,36
3450,36
8005,36
6587,36
8002,36
7162,36
8003,36
12161,36
7703,36
7999,36
8317,36
2286,36
2285,36
7899,36
8004,36
2377,36
12806,36
6786,36
11522,36
11146,36
6589,36
6588,36
12804,36
11839,36
8315,36
15593,36
11834,36
15592,36
15540,36
11151,36
8163,36
12318,36
12696,36
11527,36
6311,36
5474,36
4410,36
6590,36
12152,36
3449,36
11528,36
5095,36
12691,36
12162,36
5471,36
12322,36
5220,36
15293,36
15587,36
12323,36
11523,36
3448,36
11150,36
7176,36
7903,36
12807,36
6308,36
11835,36
2124,36
4419,36
11145,36
6789,36
11837,36
11144,36
4405,36
12320,36
7904,36
8028,36
7174,36
11767,36
3135,36
5760,36
8161,36
4316,36
12697,36
6591,36
7175,36
13558,36
12163,36
11840,36
12164,36
8158,36
8137,36
16854,36
4819,36
12542,36
4403,36
15289,36
4418,36
15291,36
8230,36
14420,36
11524,36
7898,36
16763,36
6787,36
15986,36
6633,36
12731,36
7902,36
14219,36
12809,36
13778,36
8162,36
13202,36
11039,36
13774,36
2949,36
16853,36
9990,36
13775,36
2749,36
13552,36
14356,36
7997,36
7699,36
4315,36
11038,36
11526,36
2747,36
8025,36
2983,36
11525,36
11152,36
13548,36
2984,36
5327,36
5328,36
11002,36
8027,36
5076,36
6303,36
2748,36
2980,36
12165,36
2985,36
5213,36
7173,36
8001,36
7766,36
7900,36
6788,36
5473,36
11844,36
12155,36
11842,36
13726,36
8006,36
11630,36
15392,36
16847,37
8799,37
16480,37
1671,37
49,37
5783,37
14384,37
16848,37
15520,37
16298,37
15297,37
16835,37
14386,37
4461,37
4460,37
773,37
6441,37
2023,37
596,37
771,37
2024,37
6442,37
6443,37
13620,37
13619,37
6081,37
9768,37
5874,37
9767,37
590,37
9766,37
11796,37
11794,37
11893,37
6119,37
68,37
3082,37
5167,37
4998,37
16845,37
15654,37
1247,37
14385,37
14387,37
16479,37
15652,37
3616,37
1690,37
740,37
4730,37
16846,37
15655,37
1692,37
11598,37
11270,37
11530,37
69,37
6022,37
16230,37
631,37
9948,37
4031,37
6125,37
9950,37
712,37
4178,37
15308,37
15519,37
15298,37
15467,37
15517,37
15448,37
15364,37
15470,37
15296,37
772,37
15533,37
15328,37
15511,37
10800,37
584,37
16407,37
15299,37
12090,37
15300,37
6809,37
16657,37
5812,37
11605,37
4301,37
5811,37
6338,37
744,37
6803,37
16852,37
16406,37
4248,37
12088,37
597,37
1644,37
12093,37
5746,37
1231,37
11269,37
425,37
7715,37
4030,37
770,37
6023,37
582,37
3901,37
583,37
15641,37
2022,37
15640,37
15295,37
5745,37
11831,37
4297,37
633,37
4300,37
15363,37
15490,37
15530,37
15309,37
15532,37
15366,37
15449,37
15485,37
15348,37
15383,37
15514,37
15486,37
15326,37
15447,37
15314,37
11507,37
9877,37
15345,37
632,37
11228,37
3867,37
16471,37
15489,37
4243,37
15365,37
8798,37
8533,37
15483,37
15513,37
6165,37
15329,37
747,37
15330,37
15331,37
15468,37
10308,37
12159,37
12158,37
12160,37
12153,37
11148,37
12021,37
12156,37
13481,37
5761,37
2954,37
15465,37
13818,37
12023,37
7901,37
11629,37
5532,37
12654,37
15294,37
12655,37
12073,37
713,37
11268,37
15256,38
39,38
3752,38
13426,38
16576,38
1540,38
16575,38
3741,38
4654,38
344,38
4647,38
13427,38
1949,38
8357,38
5145,38
1859,38
8356,38
4648,38
3749,38
3742,38
3748,38
345,38
3743,38
5144,38
8358,38
3758,38
5147,38
8355,38
4653,38
337,38
8284,38
5151,38
1953,38
6252,38
3740,38
335,38
9382,38
3757,38
1532,38
8281,38
4649,38
347,38
5150,38
5146,38
346,38
38,38
3755,38
36,38
1441,38
5149,38
35,38
1943,38
1539,38
8283,38
1533,38
1652,38
15258,38
16503,38
4652,38
16518,38
1538,38
14092,38
15917,38
16517,38
15259,38
16544,38
15916,38
15926,38
1952,38
4655,38
16516,38
15828,38
1537,38
4651,38
15255,38
13666,38
6251,38
12452,38
5148,38
4650,38
15768,38
15630,38
13665,38
15711,38
16215,38
16214,38
1678,38
12185,38
7097,38
4426,38
5582,38
1640,38
15730,38
13867,38
11650,38
2655,38
4775,38
15627,38
7187,38
11651,38
1581,38
1302,38
3444,38
16432,38
16500,38
1407,38
12391,38
12392,38
12390,38
12187,38
1382,38
1639,38
15369,38
4008,38
11251,38
4006,38
4010,38
4000,38
15544,38
4005,38
4013,38
15548,38
4002,38
15368,38
4015,38
12994,38
4009,38
14205,38
4012,38
4014,38
15687,38
8242,38
15545,38
15685,38
13862,38
4007,38
15367,38
15621,38
4016,38
15684,38
1637,38
1638,38
5744,38
6250,38
37,38
33,38
1974,38
1976,38
288,38
34,38
343,38
1541,38
16501,38
16568,38
1481,38
16567,38
8127,39
7933,39
16423,39
16422,39
16165,39
16420,39
10708,39
7395,39
14882,39
16259,39
13205,39
16333,39
9679,39
10406,39
9673,39
7430,39
16825,39
7429,39
9678,39
14232,39
14231,39
5320,39
12194,39
7796,39
16820,39
16227,39
1473,39
16823,39
7394,39
7397,39
16229,39
16176,39
16824,39
16821,39
16822,39
1476,39
16219,39
16402,39
16217,39
16220,39
16353,39
16398,39
16399,39
1328,39
9258,39
14881,39
16225,39
1329,39
1241,39
578,39
7431,39
7321,39
9059,39
7934,39
10160,39
16228,39
7630,39
5571,39
14842,39
16403,39
16404,39
6020,39
6021,39
16372,39
1679,39
16417,39
16416,39
16374,39
16418,39
16224,39
16258,39
16175,39
1352,39
16332,39
16177,39
16210,39
16348,39
7691,39
16364,39
6944,39
5570,39
16367,39
7690,39
16371,39
7079,39
7688,39
16370,39
16369,39
6946,39
7686,39
7078,39
4974,39
16331,39
7465,39
5635,39
16355,39
8409,39
16354,39
8391,39
8411,39
8410,39
16179,39
9193,39
10936,39
16218,39
16375,39
1378,39
16419,39
10476,39
493,39
15653,39
822,39
15729,39
15166,39
15546,39
15623,39
15529,39
12936,39
15688,39
15628,39
15726,39
15629,39
4011,39
15686,39
15551,39
15683,39
15534,39
1524,39
3808,39
15699,39
15535,39
15549,39
15547,39
15624,39
579,39
15700,39
15550,39
12937,39
13866,39
15671,39
15531,39
10624,39
1516,39
10623,39
15626,39
15620,39
15651,39
13869,39
3809,39
14760,39
9249,39
15783,39
973,39
3826,39
3811,39
15728,39
15672,39
15625,39
15727,39
15670,39
5630,39
13510,39
9979,39
1662,39
4946,39
1535,39
1442,39
4425,39
9379,39
3739,39
15949,39
15947,39
1446,39
12186,39
1534,39
15853,39
1536,39
15600,39
16509,39
15897,39
15336,39
200,40
235,40
277,40
278,40
279,40
315,40
1603,40
2332,40
3679,40
3680,40
3681,40
3884,40
3889,40
4972,40
4981,40
4994,40
5206,40
5207,40
5208,40
5310,40
5653,40
5853,40
5854,40
5855,40
5856,40
5857,40
5861,40
6104,40
6105,40
6106,40
6107,40
6108,40
6109,40
6110,40
6111,40
6112,40
6113,40
6340,40
6484,40
6485,40
6486,40
6594,40
6751,40
6753,40
6754,40
7068,40
7144,40
7145,40
7147,40
7148,40
7149,40
7150,40
7151,40
7178,40
7179,40
7180,40
7181,40
7954,40
7955,40
8976,40
9219,40
9402,40
9403,40
9404,40
9405,40
9408,40
9409,40
9410,40
9644,40
9645,40
9962,40
9971,40
9998,40
10176,40
10239,40
10240,40
10241,40
10242,40
10243,40
10244,40
10283,40
10284,40
10286,40
10287,40
10289,40
10357,40
10358,40
10359,40
10360,40
10361,40
10362,40
10363,40
10365,40
10366,40
10475,40
10605,40
10656,40
10658,40
10697,40
10698,40
10699,40
10700,40
10701,40
10744,40
10745,40
10746,40
10750,40
10821,40
10822,40
10823,40
10993,40
10995,40
10996,40
11003,40
11004,40
11005,40
11130,40
11134,40
11135,40
11136,40
11416,40
11417,40
11418,40
11421,40
11422,40
11436,40
11437,40
11890,40
11892,40
12004,40
12005,40
12006,40
12009,40
12010,40
12011,40
12041,40
12042,40
12043,40
12044,40
12045,40
12046,40
12047,40
12089,40
12103,40
12245,40
12500,40
12681,40
12710,40
12711,40
12712,40
12713,40
12714,40
12715,40
12716,40
12717,40
12718,40
12719,40
12720,40
12734,40
12785,40
12786,40
12787,40
12788,40
12789,40
12790,40
12831,40
12832,40
12835,40
12865,40
12873,40
12874,40
12876,40
12966,40
13763,40
13765,40
14061,40
14062,40
14139,40
14170,40
14171,40
14172,40
14173,40
14199,40
14427,40
14428,40
14431,40
14616,40
14617,40
14618,40
14721,40
14722,40
14723,40
14959,40
14964,40
14968,40
14972,40
14978,40
14981,40
14983,40
14987,40
14989,40
14990,40
14992,40
14993,40
14994,40
15001,40
15012,40
15924,40
15935,40
15950,40
15962,40
15963,40
15964,40
15965,40
15966,40
15994,40
15995,40
16141,40
16142,40
16433,40
16446,40
16463,40
16491,40
16938,40
16944,40
217,41
231,41
240,41
241,41
281,41
305,41
575,41
576,41
577,41
660,41
661,41
663,41
668,41
669,41
686,41
687,41
708,41
1375,41
1376,41
1396,41
1397,41
1398,41
2437,41
2439,41
2440,41
2441,41
2483,41
2529,41
2531,41
2609,41
2610,41
2611,41
2612,41
2613,41
2614,41
2633,41
2635,41
2636,41
2637,41
2639,41
2682,41
2687,41
2688,41
2689,41
2933,41
3095,41
3540,41
4448,41
4820,41
4943,41
4947,41
4948,41
4949,41
4950,41
4951,41
4958,41
4959,41
4960,41
4961,41
4966,41
4991,41
4992,41
5091,41
5093,41
5094,41
5347,41
5378,41
5390,41
5397,41
6377,41
6380,41
7156,41
7308,41
7794,41
8381,41
9166,41
9167,41
9168,41
9191,41
9281,41
9284,41
9285,41
9398,41
9399,41
9400,41
9401,41
9757,41
9960,41
9965,41
9997,41
10192,41
11356,41
11905,41
11906,41
11914,41
11915,41
12048,41
12049,41
12050,41
12072,41
12463,41
12484,41
12485,41
13394,41
14050,41
14962,41
14967,41
14971,41
14973,41
14974,41
14975,41
14977,41
14984,41
14985,41
14996,41
884,42
885,42
1304,42
2093,42
2174,42
2177,42
2179,42
2477,42
2479,42
2480,42
2482,42
2504,42
2506,42
2507,42
3441,42
3442,42
3641,42
3642,42
3643,42
4179,42
4182,42
4640,42
4708,42
4712,42
6292,42
6296,42
7146,42
7404,42
8353,42
11897,42
12206,42
318,43
365,43
479,43
480,43
574,43
753,43
874,43
875,43
915,43
916,43
1096,43
1364,43
1367,43
1752,43
1754,43
1755,43
1783,43
1784,43
1805,43
1809,43
2455,43
2458,43
2799,43
2846,43
2848,43
2852,43
2972,43
2974,43
3090,43
3091,43
3093,43
3418,43
4004,43
4099,43
4105,43
4151,43
4153,43
4154,43
4155,43
4224,43
4289,43
4993,43
5039,43
5042,43
5043,43
5120,43
5169,43
5603,43
5606,43
5607,43
5627,43
5766,43
5772,43
5846,43
5847,43
5848,43
5850,43
5852,43
5859,43
5860,43
5958,43
5959,43
6621,43
6622,43
6947,43
6948,43
6949,43
6951,43
6955,43
7261,43
7456,43
7483,43
7487,43
8795,43
8796,43
8867,43
9109,43
9224,43
9968,43
9969,43
9983,43
10556,43
11208,43
11209,43
11211,43
11218,43
11219,43
11318,43
11319,43
11320,43
11321,43
11326,43
11329,43
11330,43
11378,43
11382,43
11386,43
11389,43
11543,43
11545,43
11626,43
11783,43
11786,43
11873,43
11876,43
11936,43
12195,43
12196,43
12198,43
12199,43
12200,43
12201,43
12233,43
12234,43
12309,43
12405,43
12472,43
12477,43
12530,43
12593,43
12595,43
12596,43
12597,43
12600,43
12704,43
12744,43
12943,43
12945,43
12991,43
12992,43
14089,43
14090,43
14091,43
14874,43
14875,43
14876,43
14906,43
14908,43
14911,43
14923,43
14927,43
14952,43
14953,43
14960,43
14966,43
14969,43
14979,43
14982,43
14988,43
14991,43
15027,43
15029,43
15058,43
15061,43
15062,43
15077,43
15078,43
15079,43
15081,43
15084,43
15085,43
15107,43
15112,43
15115,43
15117,43
15118,43
15144,43
15145,43
15148,43
15172,43
15190,43
15203,43
15205,43
15206,43
15208,43
15214,43
15219,43
15220,43
15241,43
15245,43
15277,43
15281,43
15288,43
15303,43
15315,43
15316,43
15319,43
15324,43
15341,43
15343,43
15361,43
15362,43
15415,43
15425,43
15429,43
15461,43
15462,43
15476,43
15477,43
15506,43
15536,43
15539,43
15563,43
15564,43
15581,43
15588,43
15590,43
15597,43
15598,43
15599,43
16928,43
16930,43
16931,43
16932,43
16933,43
16934,43
16936,43
4508,44
3659,44
6198,44
14241,44
14245,44
14144,44
14243,44
14244,44
14242,44
6141,44
8870,44
2951,44
9247,44
5748,44
4291,44
8869,44
6347,44
12607,44
5988,44
5742,44
6271,44
6140,44
9244,44
8891,44
5741,44
4510,44
2953,44
12652,44
12653,44
6343,44
9082,44
4507,44
2952,44
12295,44
4754,44
4509,44
12296,44
4757,44
4107,44
2941,44
8677,44
5993,44
4751,44
4691,44
12294,44
4662,44
6511,44
7406,44
2950,44
6128,44
4290,44
12094,44
2945,44
12082,44
11221,44
8863,44
5986,44
6127,44
12086,44
3664,44
6139,44
6170,44
6199,44
7159,44
11024,44
8676,44
3660,44
9083,44
10825,44
8811,44
6512,44
6480,44
8864,44
7161,44
6513,44
6387,44
9039,44
9269,44
4723,44
5785,44
5784,44
9085,44
8862,44
6386,44
8810,44
10828,44
10824,44
5747,44
9058,44
11830,44
11648,44
8947,44
8948,44
10845,44
6275,44
630,44
6510,44
6509,44
5090,44
2955,44
6838,44
4401,44
6834,44
9346,44
672,44
670,44
16410,44
4424,44
7918,44
3663,44
7919,44
7916,44
10228,44
16360,44
8865,44
8894,44
6200,44
8892,44
13151,44
13152,44
13226,44
13223,44
16397,44
13225,44
7157,44
10827,44
9038,44
8871,44
8875,44
2946,44
6384,44
8809,44
7158,44
9245,44
9246,44
10826,44
4496,44
8012,44
9040,44
5749,44
7251,44
2956,44
9084,44
9248,44
6201,44
7249,44
16382,44
16359,44
9976,44
9146,44
9347,44
9217,44
9218,44
9984,44
7561,44
7566,44
2940,44
7562,44
7565,44
7563,44
9145,44
5873,44
9144,44
5000,44
13224,44
9989,44
16254,44
16253,44
10945,44
10946,44
14645,44
7858,44
15380,44
5535,44
5530,44
10510,44
10642,44
221,44
5533,44
10715,44
9094,44
3596,44
3589,44
10088,44
7760,44
3590,44
4042,44
7545,44
7758,44
7541,44
7763,44
7547,44
7617,44
7614,44
3333,44
3745,44
3565,44
3566,44
3332,44
10717,44
2067,44
2070,44
1702,44
2065,44
1706,44
10641,44
15374,44
2064,44
4311,44
5272,45
474,45
7860,45
455,45
898,45
897,45
11312,45
473,45
813,45
11308,45
394,45
391,45
894,45
1478,45
13779,45
5240,45
4925,45
7861,45
475,45
57,45
13777,45
1029,45
470,45
66,45
8962,45
4445,45
1515,45
4447,45
8600,45
10162,45
7964,45
1034,45
8959,45
974,45
64,45
10165,45
8964,45
460,45
9709,45
8586,45
8478,45
975,45
478,45
1030,45
891,45
13825,45
13855,45
13587,45
13858,45
1484,45
13611,45
8963,45
467,45
7863,45
7972,45
3118,45
13859,45
1377,45
13586,45
13860,45
1373,45
3203,45
8481,45
8020,45
810,45
1480,45
13776,45
972,45
13780,45
395,45
8024,45
56,45
3102,45
3205,45
13582,45
13585,45
458,45
54,45
471,45
8477,45
456,45
1463,45
13781,45
7967,45
1371,45
476,45
477,45
13578,45
13854,45
13789,45
63,45
1469,45
459,45
1468,45
820,45
1479,45
1462,45
61,45
3112,45
7856,45
2877,45
13826,45
1032,45
819,45
8585,45
8961,45
821,45
65,45
1457,45
8956,45
461,45
7859,45
13584,45
717,45
13857,45
2765,45
1707,45
2045,45
6209,45
2049,45
3412,45
6507,45
1710,45
2047,45
6519,45
1711,45
5743,45
1434,45
10586,45
1155,45
6736,45
1056,45
1152,45
9735,45
5803,45
3341,45
3338,45
5718,45
13678,45
7740,45
5774,45
3413,45
1450,45
1438,45
3513,45
10409,45
3342,45
4263,45
4255,45
3271,45
4415,45
4257,45
3269,45
2828,45
4413,45
4411,45
5806,45
4417,45
11635,45
6506,45
4416,45
4258,45
4414,45
2394,45
3270,45
4412,45
7385,45
5244,45
14320,45
13068,45
14322,45
14319,45
5805,45
14317,45
3467,45
3511,45
1451,45
1445,45
14324,45
3339,45
3558,45
1858,46
14226,46
1855,46
7680,46
12942,46
12096,46
7675,46
10638,46
13047,46
11653,46
13488,46
15376,46
7674,46
7568,46
11712,46
11714,46
21,46
10401,46
10403,46
10404,46
10405,46
20,46
12646,46
10472,46
10474,46
10473,46
12095,46
11665,46
11803,46
11668,46
11804,46
13768,46
11666,46
13728,46
13931,46
11708,46
11934,46
13766,46
14059,46
14224,46
14058,46
15375,46
14223,46
9169,46
15740,46
15738,46
16037,46
13934,46
15942,46
13932,46
15739,46
16161,46
16163,46
16038,46
16182,46
16164,46
16162,46
13933,46
15941,46
15741,46
16181,46
16159,46
13824,46
9134,46
9133,46
9200,46
816,46
10737,46
9197,46
9426,46
3204,46
3114,46
13856,46
9132,46
9130,46
8580,46
472,46
10743,46
8472,46
7965,46
1374,46
10665,46
9131,46
8474,46
8476,46
8603,46
8475,46
59,46
6890,46
976,46
1514,46
8583,46
10740,46
7333,46
7334,46
7328,46
7330,46
10742,46
7327,46
10741,46
9736,46
3263,46
1036,46
6919,46
1153,46
2315,46
6920,46
7744,46
5828,46
1452,46
2817,46
5802,46
9840,46
6516,46
5181,46
1307,46
6527,46
1410,46
5882,46
10589,46
11636,46
2044,46
6915,46
3512,46
1154,46
10590,46
6496,46
11634,46
11632,46
3594,46
2812,46
1453,46
3600,46
1409,46
5799,46
3265,46
5411,46
5804,46
11633,46
10588,46
10568,46
10585,46
13239,46
3510,46
155,46
5185,46
1704,46
2811,46
3340,46
7387,46
3268,46
1037,46
6916,46
9732,46
3336,46
3337,46
8154,46
14323,46
6505,46
1411,46
2313,46
1449,46
2043,46
2312,46
14318,46
3652,46
5801,46
7743,46
2314,46
5380,46
3072,46
1309,46
6366,46
6364,46
6363,46
9087,46
6365,46
6391,46
11007,46
909,46
11245,46
9993,46
6584,46
7564,46
10654,46
2068,46
2066,46
16109,47
16461,47
16458,47
11782,47
16460,47
15770,47
15788,47
13203,47
4619,47
13207,47
13352,47
12416,47
16389,47
1412,47
15876,47
15807,47
14143,47
3844,47
4986,47
280,47
1388,47
15872,47
15370,47
11930,47
10198,47
15772,47
11325,47
1553,47
3087,47
14141,47
1084,47
16457,47
9147,47
2079,47
3845,47
2665,47
13116,47
15787,47
13354,47
4622,47
287,47
760,47
16130,47
12440,47
14601,47
8512,47
7567,47
2969,47
8979,47
11324,47
15809,47
16459,47
14204,47
11781,47
16468,47
16475,47
16110,47
3902,47
15790,47
14939,47
15771,47
16125,47
3089,47
11149,47
10504,47
15194,47
12703,47
10506,47
1117,47
11913,47
9701,47
12274,47
9697,47
2270,47
2256,47
10393,47
2806,47
14314,47
16127,47
1555,47
15789,47
1655,47
12282,47
15871,47
15874,47
10392,47
14161,47
16390,47
1118,47
11891,47
14954,47
2667,47
10420,47
12119,47
9912,47
10197,47
9915,47
9913,47
1531,47
12457,47
10416,47
10419,47
10034,47
10417,47
12456,47
10621,47
3747,47
10505,47
1395,47
10418,47
10620,47
10503,47
10502,47
10501,47
9914,47
3746,47
1360,47
13353,47
12001,47
14142,47
1554,47
14160,47
12259,47
286,47
16392,47
2272,47
13118,47
13355,47
12002,47
15192,47
15193,47
13734,47
2371,47
15141,47
12935,47
14603,47
14600,47
14203,47
1361,47
15875,47
8866,47
12439,47
16128,47
10033,47
10391,47
12995,47
16185,47
16160,47
11435,47
10911,47
10171,47
13048,47
13908,47
4667,47
13695,47
15371,47
16138,47
6963,47
14860,47
14060,47
15922,47
14056,47
16044,47
6543,47
6541,47
8388,47
8164,47
15377,47
8138,47
16556,47
16549,47
16587,47
16586,47
9995,47
15002,47
5230,47
5259,47
6962,47
6593,47
6592,47
6770,47
15372,47
6769,47
6768,47
10035,47
9279,47
10639,47
10696,47
11114,47
10250,47
10251,47
16574,47
16566,47
1856,47
1857,47
10576,47
10398,47
10400,47
9407,47
10037,47
16183,47
10320,47
10397,47
16184,47
10038,47
10177,47
12858,47
10178,47
9406,47
12855,47
14140,47
10039,47
8620,47
13890,47
11821,48
2108,48
11826,48
16358,48
11947,48
2109,48
14023,48
11944,48
11946,48
11945,48
11824,48
13569,48
14278,48
14285,48
1221,48
2398,48
2101,48
14026,48
14212,48
2104,48
2100,48
2106,48
14211,48
2726,48
2167,48
14284,48
2847,48
14281,48
14282,48
2105,48
14279,48
2720,48
7768,48
2107,48
2723,48
3335,48
7676,48
14280,48
7677,48
14025,48
2721,48
2103,48
14024,48
13571,48
13570,48
14214,48
13568,48
16362,48
11941,48
11836,48
16361,48
16180,48
14275,48
2686,48
2722,48
11833,48
7166,48
1223,48
14277,48
2615,48
2724,48
2390,48
11949,48
2165,48
15945,48
15946,48
13463,48
15944,48
16190,48
16373,48
13134,48
13135,48
4376,48
15614,48
1748,48
5394,48
1746,48
1745,48
13211,48
13466,48
13465,48
13437,48
13210,48
13462,48
16281,48
4377,48
16356,48
13926,48
13630,48
13761,48
14252,48
13927,48
14250,48
14251,48
13464,48
15943,48
13759,48
13725,48
13760,48
12193,48
12189,48
15616,48
14641,48
14640,48
14841,48
14638,48
16027,48
16025,48
16309,48
1744,48
16139,48
1218,48
1743,48
15971,48
12814,48
12813,48
14637,48
13722,48
13723,48
16187,48
16178,48
16189,48
16209,48
16226,48
14639,48
15615,48
16167,48
9617,48
11040,48
11829,48
9675,48
11827,48
14935,48
11009,48
13809,48
275,48
10532,48
12923,48
11279,48
11143,48
2475,48
5708,48
10721,48
5534,48
9833,48
5566,48
10531,48
12154,48
905,48
2078,48
12063,48
11041,48
12157,48
15292,48
15379,48
12068,48
11278,48
2511,48
10640,48
11008,48
10949,48
276,48
9835,48
10635,48
9836,48
10655,48
12166,48
15373,48
3967,48
10636,48
3968,48
9616,48
15381,48
11246,48
10792,48
10637,48
10885,48
11280,48
10791,48
10793,48
8160,48
10668,48
5231,48
3995,48
10716,48
9674,48
11281,48
8157,48
15382,48
218,48
11823,48
9837,48
2069,48
8080,49
8340,49
8469,49
8341,49
10319,49
8334,49
8083,49
10766,49
12015,49
9608,49
10371,49
1827,49
1826,49
8081,49
3171,49
10997,49
10445,49
12987,49
8078,49
7817,49
10446,49
7935,49
9615,49
10326,49
9630,49
7219,49
10321,49
11406,49
10122,49
10253,49
10118,49
10930,49
7922,49
11411,49
10255,49
10444,49
8531,49
8462,49
10776,49
8737,49
7925,49
10368,49
7923,49
7936,49
10457,49
10438,49
12986,49
8201,49
8612,49
10330,49
11405,49
8602,49
8736,49
8463,49
8613,49
9607,49
10920,49
11404,49
8618,49
11188,49
8461,49
10931,49
11400,49
11191,49
8735,49
8367,49
11399,49
11401,49
10714,49
8734,49
11403,49
12014,49
8584,49
10146,49
12016,49
10377,49
8339,49
10322,49
10864,49
11550,49
10928,49
7467,49
10436,49
9180,49
11549,49
11521,49
9479,49
10328,49
16,49
9610,49
10712,49
10759,49
10988,49
7818,49
8346,49
10757,49
10935,49
10763,49
9614,49
8579,49
121,49
10458,49
10985,49
7225,49
11000,49
7937,49
10999,49
11518,49
8468,49
10992,49
11063,49
683,49
12985,49
10773,49
10376,49
10442,49
679,49
11058,49
12988,49
10767,49
10709,49
10862,49
9175,49
19,49
11514,49
11516,49
10327,49
10223,49
10329,49
10710,49
11376,49
13514,49
682,49
10765,49
10755,49
10768,49
10756,49
10711,49
10148,49
11001,49
879,49
11512,49
5092,49
8878,49
8879,49
8857,49
8872,49
8880,49
13974,49
8877,49
8856,49
8854,49
8874,49
8873,49
8853,49
13930,49
14543,49
8881,49
8911,49
14035,49
14008,49
9813,49
14761,49
8912,49
14101,49
13748,49
13700,49
9812,49
9811,49
14542,49
14755,49
14085,49
14081,49
14115,49
14105,49
14539,49
13716,49
14048,49
13751,49
8860,49
13717,49
8950,49
14021,49
8954,49
8955,49
14110,49
8859,49
6453,49
6452,49
6400,49
14856,49
6257,49
6760,49
6397,49
6399,49
6924,49
6899,49
6895,49
6761,49
6923,49
6197,49
6138,49
6900,49
6393,49
6598,49
3567,49
6131,49
5158,49
4660,49
3568,49
5649,49
5155,49
3573,49
6925,49
6759,49
902,50
901,50
970,50
980,50
6090,50
979,50
971,50
6091,50
6099,50
5677,50
966,50
9336,50
1280,50
1283,50
5303,50
3849,50
969,50
412,50
1286,50
1279,50
5304,50
1278,50
416,50
968,50
6103,50
1285,50
958,50
6089,50
404,50
6096,50
5301,50
4186,50
6036,50
290,50
415,50
411,50
4190,50
413,50
961,50
4184,50
111,50
5305,50
3848,50
1527,50
6656,50
295,50
297,50
260,50
6101,50
296,50
6037,50
5792,50
1063,50
410,50
6035,50
3847,50
261,50
291,50
1297,50
70,50
6088,50
294,50
4191,50
409,50
1041,50
6100,50
1521,50
1518,50
1334,50
6094,50
4192,50
6661,50
1333,50
1517,50
9113,50
1337,50
10929,50
1522,50
11272,50
12409,50
12404,50
1338,50
10965,50
15249,50
13873,50
15050,50
15248,50
15053,50
10964,50
9566,50
13910,50
7189,50
907,50
4659,50
926,50
6133,50
7723,50
7783,50
7184,50
7725,50
7186,50
7719,50
7790,50
7195,50
7721,50
3570,50
6933,50
6893,50
7718,50
7188,50
3572,50
754,50
7724,50
3569,50
938,50
7183,50
14889,50
6898,50
6423,50
14888,50
6416,50
6860,50
14887,50
14885,50
7720,50
7190,50
10934,50
7193,50
7793,50
7792,50
7194,50
6421,50
6859,50
12408,50
9807,50
6422,50
7788,50
6857,50
7716,50
13497,50
5640,50
6757,50
3574,50
14892,50
6854,50
5098,50
6926,50
6528,50
6856,50
5647,50
14891,50
6195,50
6530,50
4657,50
6396,50
6398,50
15048,50
6902,50
2301,50
13565,50
13496,50
6758,50
6395,50
6450,50
6529,50
6130,50
6762,50
5659,50
14890,50
6763,50
3576,50
6858,50
6196,50
5160,50
6535,50
6932,50
7717,50
6894,50
6927,50
14894,50
6601,50
6901,50
3575,50
5643,50
6599,50
7722,50
4758,50
4446,50
6855,50
14896,50
5650,50
14948,50
3571,50
6600,50
6129,50
6134,50
6861,50
14947,50
6132,50
6595,50
14893,50
6135,50
6137,50
14895,50
7165,51
6306,51
8021,51
7167,51
6632,51
6310,51
7172,51
7713,51
7164,51
6149,51
6637,51
7714,51
7169,51
7171,51
6424,51
8235,51
7845,51
8031,51
7841,51
10843,51
8377,51
6147,51
8023,51
6142,51
7853,51
6425,51
8029,51
10838,51
5100,51
7994,51
6431,51
6305,51
6629,51
10074,51
5106,51
10070,51
7767,51
8270,51
12035,51
10844,51
8227,51
7538,51
8019,51
7163,51
6145,51
6153,51
8165,51
8229,51
10832,51
7712,51
5112,51
7977,51
8166,51
8026,51
7530,51
8224,51
6628,51
7710,51
13114,51
7848,51
7697,51
6426,51
6639,51
6638,51
6634,51
8171,51
7168,51
8136,51
5108,51
7711,51
7854,51
8032,51
5099,51
5751,51
5113,51
8131,51
6427,51
10841,51
5421,51
10840,51
6144,51
5326,51
5762,51
7844,51
7992,51
5325,51
10835,51
8022,51
7698,51
8016,51
8176,51
8030,51
8234,51
5225,51
7702,51
13416,51
6636,51
6635,51
13423,51
5107,51
13425,51
8665,51
5029,51
14084,51
13750,51
13703,51
14037,51
7862,51
13688,51
14086,51
8915,51
14036,51
8668,51
9262,51
8958,51
14099,51
8913,51
5032,51
14079,51
8664,51
13715,51
14109,51
14107,51
8951,51
14009,51
5025,51
14080,51
7857,51
14114,51
14010,51
13698,51
13928,51
8669,51
14093,51
600,51
14006,51
14033,51
8957,51
4661,51
5026,51
4663,51
601,51
4868,51
8914,51
14083,51
14106,51
13701,51
14103,51
5033,51
14095,51
14007,51
5024,51
13702,51
14082,51
9260,51
14097,51
9261,51
1756,51
10262,51
14020,51
8713,51
13929,51
14098,51
9259,51
16147,51
13943,51
8712,51
16144,51
16146,51
16148,51
14540,51
16145,51
14096,51
14762,51
14100,51
14116,51
16149,51
13687,51
14104,51
14757,51
13694,51
14078,51
13746,51
14102,51
14111,51
14094,51
9810,51
8861,51
8952,51
14541,51
14759,51
14756,51
8858,51
14040,51
4658,51
4869,51
8349,51
14758,51
13973,51
13747,51
8350,51
2454,51
16143,51
14029,51
8855,51
1190,52
6203,52
1047,52
4097,52
5302,52
3492,52
5896,52
3949,52
6102,52
4457,52
6657,52
5429,52
6098,52
5894,52
1767,52
3952,52
1191,52
3491,52
5294,52
5886,52
1183,52
5636,52
983,52
6085,52
900,52
6207,52
1186,52
5430,52
1471,52
1193,52
3953,52
1470,52
3943,52
1045,52
5418,52
1046,52
5887,52
1185,52
2562,52
1181,52
5673,52
982,52
2376,52
1184,52
2388,52
3951,52
981,52
3215,52
967,52
3493,52
3860,52
3946,52
1189,52
2214,52
5428,52
5579,52
6517,52
1461,52
5253,52
6664,52
5178,52
5426,52
2568,52
6093,52
5391,52
5672,52
3856,52
4451,52
5431,52
5675,52
3857,52
11760,52
6211,52
5580,52
5427,52
11763,52
2567,52
6428,52
5572,52
5759,52
3853,52
5680,52
4089,52
11759,52
6001,52
6087,52
5586,52
7846,52
11762,52
6084,52
7536,52
4098,52
5186,52
7843,52
5577,52
3858,52
4458,52
5260,52
3486,52
7537,52
6514,52
6003,52
1467,52
7770,52
4561,52
2620,52
7842,52
5254,52
4454,52
5183,52
5889,52
5184,52
5476,52
5683,52
5678,52
10842,52
5682,52
5999,52
6524,52
3494,52
5384,52
5888,52
6210,52
8399,52
5573,52
3489,52
13535,52
8167,52
4553,52
11754,52
4557,52
1525,52
11761,52
6002,52
3487,52
6086,52
5587,52
6314,52
5997,52
3852,52
6526,52
3950,52
6518,52
5392,52
5187,52
4091,52
4181,52
6082,52
1296,52
6000,52
6576,52
1048,52
3490,52
5578,52
5895,52
10839,52
5892,52
4189,52
1192,52
6515,52
1464,52
5637,52
1295,52
5996,52
1075,52
5588,52
1523,52
4530,52
5913,52
8707,52
5381,52
8674,52
1064,52
11363,52
1069,52
10967,52
11362,52
11364,52
11753,52
1528,52
11365,52
11758,52
5300,52
9165,52
9335,52
11360,52
5481,52
12065,53
12066,53
4567,53
9060,53
16862,53
16861,53
8348,53
7531,53
9890,53
9888,53
9826,53
9827,53
3034,53
9053,53
7415,53
9052,53
15103,53
9828,53
15105,53
3842,53
15102,53
4123,53
15720,53
15656,53
9940,53
7532,53
4119,53
15633,53
4120,53
11247,53
4122,53
4121,53
7756,53
2887,53
11333,53
7757,53
2931,53
4140,53
1290,53
12286,53
1292,53
5567,53
2308,53
7070,53
3841,53
10987,53
7069,53
8511,53
8548,53
3017,53
2645,53
4422,53
2309,53
3016,53
2832,53
496,53
1294,53
2185,53
2305,53
10771,53
1557,53
5901,53
2311,53
13471,53
997,53
2310,53
495,53
4423,53
12709,53
11439,53
12706,53
3919,53
4145,53
16636,53
11332,53
5667,53
1717,53
2307,53
1716,53
3002,53
7073,53
1001,53
12708,53
995,53
5568,53
16634,53
10986,53
8513,53
4270,53
4271,53
7071,53
15732,53
12221,53
5902,53
3840,53
10989,53
1560,53
15733,53
2935,53
5666,53
15632,53
5565,53
10990,53
3221,53
2647,53
4043,53
2306,53
2936,53
1293,53
1288,53
4082,53
998,53
3994,53
3923,53
12561,53
12613,53
11331,53
11707,53
2054,53
1900,53
1776,53
1777,53
1779,53
1778,53
11608,53
1899,53
9655,53
1774,53
3581,53
1877,53
10428,53
1726,53
1648,53
1262,53
312,53
1843,53
313,53
10815,53
3584,53
1829,53
185,53
9653,53
309,53
2062,53
1703,53
13707,53
13557,53
13593,53
13708,53
13592,53
13657,53
11607,53
11606,53
1588,53
14497,53
13591,53
13589,53
1828,53
13573,53
13575,53
13576,53
2008,53
14496,53
13572,53
13556,53
13508,53
13574,53
13554,53
13588,53
13709,53
13590,53
9583,53
13870,53
13949,53
14580,53
14200,53
13945,53
14582,53
13810,53
13997,53
2005,53
13861,53
8902,53
9663,53
9662,53
14365,53
9661,53
9252,53
14578,53
12490,53
13812,53
11609,53
11594,53
9659,53
9665,53
5715,53
9664,53
5713,53
9660,53
14579,53
14581,53
5714,53
13996,53
8936,53
12285,53
8302,53
8057,53
10690,53
8313,53
8041,53
7828,53
398,53
10691,53
399,53
10689,53
8059,53
388,53
7830,53
4273,53
8916,53
203,53
8037,53
401,53
8412,53
8413,53
14790,54
571,54
14788,54
14789,54
3912,54
3914,54
640,54
11670,54
652,54
641,54
9331,54
9650,54
1649,54
13660,54
1769,54
4304,54
648,54
719,54
306,54
2180,54
9118,54
9654,54
9656,54
10494,54
10814,54
81,54
10430,54
722,54
186,54
9127,54
6006,54
10495,54
3564,54
314,54
5488,54
4288,54
8739,54
10488,54
1921,54
650,54
14782,54
13629,54
9125,54
13038,54
1074,54
307,54
4281,54
10497,54
3237,54
3248,54
13661,54
3115,54
3230,54
642,54
4317,54
645,54
9117,54
10806,54
6823,54
646,54
3117,54
3560,54
3562,54
3229,54
1772,54
6218,54
9901,54
10482,54
3119,54
13546,54
3121,54
311,54
6222,54
6008,54
14646,54
14648,54
13542,54
14647,54
651,54
14748,54
75,54
71,54
10813,54
73,54
848,54
177,54
9525,54
572,54
715,54
72,54
181,54
82,54
4565,54
6007,54
6824,54
716,54
647,54
1217,54
9519,54
6009,54
184,54
8318,54
653,54
2001,54
654,54
8326,54
10496,54
9652,54
183,54
78,54
643,54
14644,54
8330,54
11226,54
10343,54
11569,54
14751,54
187,54
10346,54
10349,54
13248,54
14808,54
14797,54
179,54
9128,54
10726,54
8457,54
4318,54
9129,54
310,54
77,54
3120,54
3113,54
3580,54
10490,54
188,54
9394,54
10429,54
14809,54
308,54
649,54
3582,54
8906,54
1725,54
7653,54
7647,54
1723,54
1721,54
1642,54
1645,54
8907,54
9523,54
1728,54
2004,54
2006,54
3579,54
1698,54
1722,54
2007,54
1701,54
1583,54
1700,54
1647,54
1918,54
1697,54
14507,54
1914,54
1719,54
1869,54
1854,54
1260,54
1580,54
1920,54
13322,54
14804,54
11176,54
8917,54
9427,54
8910,54
10577,54
8417,54
9302,54
7827,54
10682,54
13181,54
10687,54
2135,54
9707,54
15042,54
10686,54
4665,54
2136,54
9430,54
9421,54
13559,54
8466,54
12178,54
7829,54
8062,54
8063,54
15175,54
9696,54
15174,54
10683,54
3545,54
12960,54
8058,54
8308,54
12177,54
8218,54
8416,54
8309,54
529,54
528,54
530,54
8214,54
52,54
454,54
8307,54
8415,54
397,54
12820,54
10782,54
12817,54
453,54
8918,54
1002,54
8909,54
1222,54
531,54
447,54
450,54
451,54
11889,54
390,54
2360,55
2240,55
11089,55
6122,55
2364,55
10440,55
11090,55
2370,55
9862,55
11588,55
6493,55
6908,55
9860,55
8607,55
10229,55
9854,55
7931,55
7215,55
10846,55
10748,55
8604,55
5884,55
4854,55
8595,55
6492,55
10849,55
2244,55
6673,55
2508,55
11446,55
11087,55
6909,55
11453,55
8605,55
6121,55
10356,55
8254,55
6487,55
10850,55
7216,55
5045,55
11082,55
10749,55
4742,55
2509,55
10747,55
6494,55
4858,55
10847,55
5893,55
5890,55
2242,55
2362,55
8614,55
7214,55
2368,55
10437,55
9851,55
5897,55
5898,55
9859,55
10340,55
11581,55
7475,55
11445,55
10431,55
9855,55
4162,55
10230,55
14728,55
2245,55
10231,55
4161,55
6282,55
9861,55
6283,55
2243,55
8255,55
2427,55
1188,55
10848,55
2361,55
4165,55
407,55
8252,55
408,55
14510,55
6281,55
14514,55
6420,55
5004,55
14512,55
14516,55
8606,55
7212,55
11447,55
6115,55
14515,55
14511,55
14495,55
14517,55
14513,55
10752,55
6489,55
4749,55
14494,55
2110,55
11586,55
14724,55
6488,55
9527,55
3178,55
11587,55
8611,55
14493,55
6123,55
2539,55
3176,55
8092,55
6490,55
5046,55
11156,55
5002,55
6491,55
2113,55
11086,55
2114,55
2241,55
7761,55
2510,55
10342,55
6277,55
13082,55
13071,55
4813,55
13078,55
13755,55
4324,55
13076,55
13835,55
13744,55
13079,55
13077,55
13741,55
14491,55
13085,55
13740,55
5375,55
4342,55
4327,55
14521,55
13328,55
13786,55
14525,55
14548,55
14544,55
14546,55
14767,55
13902,55
4497,55
13739,55
13088,55
8253,55
7217,55
6285,55
7208,55
7211,55
8256,55
6284,55
6120,55
4170,55
8594,55
8998,55
7213,55
13621,55
5374,55
4511,55
4666,55
13176,55
7191,55
4513,55
11126,55
13374,55
10685,55
9149,55
1418,55
1420,55
10324,55
1419,55
10688,55
1416,55
10916,55
9705,55
1125,55
7826,55
1422,55
5536,55
999,55
10783,55
8278,55
15176,55
1421,55
9703,55
11125,55
15034,55
1000,55
8414,55
5531,55
9699,55
12819,55
1126,55
452,55
8039,55
8937,55
1423,55
8038,55
9706,55
8052,55
1417,55
10325,55
10780,55
8908,55
1224,55
8040,55
16801,56
16662,56
13920,56
16628,56
16855,56
16627,56
16838,56
16889,56
16685,56
16630,56
16711,56
16892,56
16806,56
16697,56
16837,56
16710,56
16310,56
16692,56
16728,56
16839,56
16877,56
16698,56
7825,56
16644,56
16875,56
10385,56
8405,56
8387,56
16712,56
16873,56
10306,56
16836,56
16742,56
16632,56
16699,56
16696,56
16649,56
16762,56
13918,56
16648,56
13917,56
16629,56
16874,56
8390,56
9634,56
10007,56
10383,56
10015,56
9329,56
8389,56
16940,56
9972,56
16709,56
16888,56
16645,56
16633,56
16708,56
16891,56
4421,56
15253,56
11715,56
16781,56
16780,56
12264,56
15254,56
16913,56
13911,56
13912,56
16901,56
15912,56
16646,56
16876,56
8652,56
8649,56
5249,56
2503,56
13916,56
8651,56
4389,56
2505,56
16647,56
4382,56
16663,56
16800,56
16631,56
10317,56
10315,56
11107,56
10789,56
15582,56
15583,56
14136,56
14137,56
16729,56
16761,56
16707,56
16739,56
16803,56
16694,56
16684,56
16911,56
15342,56
15198,56
15523,56
15585,56
15911,56
15584,56
12949,56
12951,56
12236,56
12258,56
12238,56
12260,56
16740,56
12237,56
12257,56
12239,56
13919,56
13915,56
13913,56
6295,56
10787,56
6171,56
10382,56
10786,56
1016,56
4964,56
4292,56
11106,56
6116,56
4371,56
12723,56
4293,56
9973,56
12727,56
13387,56
5829,56
12725,56
13889,56
12726,56
13336,56
5827,56
11248,56
12131,56
12134,56
13335,56
12219,56
15854,56
12904,56
15601,56
13081,56
15604,56
15602,56
13089,56
15996,56
1803,56
1804,56
4815,56
4816,56
13836,56
13080,56
4325,56
14523,56
4516,56
13754,56
14730,56
2323,56
2420,56
13330,56
13090,56
990,56
988,56
5377,56
13084,56
14766,56
13086,56
13083,56
13053,56
14492,56
12301,56
14490,56
13834,56
4501,56
10859,56
4351,56
14364,56
14524,56
13752,56
4350,56
13326,56
4347,56
422,56
1624,56
4818,56
4343,56
13742,56
13054,56
5049,56
13511,56
1625,56
4319,56
4504,56
13756,56
1626,56
11593,56
13327,56
13206,56
4983,56
16890,56
9980,56
5233,56
16856,56
2472,56
15197,56
16626,56
16625,56
10384,56
2471,56
2470,56
4989,56
5728,57
5726,57
6118,57
6192,57
4045,57
16191,57
6146,57
6318,57
5732,57
5730,57
10958,57
10836,57
6143,57
10834,57
6307,57
16236,57
1676,57
6351,57
4589,57
6353,57
5701,57
16431,57
4591,57
16430,57
3096,57
1677,57
3483,57
6445,57
8624,57
6349,57
14177,57
10960,57
11014,57
6151,57
8628,57
6371,57
3480,57
5699,57
3922,57
12625,57
3320,57
3316,57
6148,57
12626,57
6355,57
12629,57
5405,57
3322,57
6287,57
16234,57
5724,57
5406,57
12630,57
5721,57
3481,57
4298,57
13679,57
15524,57
7493,57
3321,57
13675,57
5702,57
13677,57
13674,57
4370,57
6372,57
4588,57
5012,57
11548,57
16232,57
11547,57
6436,57
16233,57
15984,57
6150,57
6290,57
15457,57
14182,57
11541,57
16235,57
5712,57
9559,57
4372,57
15455,57
15456,57
5731,57
6446,57
6435,57
6317,57
6291,57
8621,57
6369,57
5011,57
10837,57
8622,57
14181,57
5569,57
6433,57
6319,57
14175,57
4590,57
15596,57
5007,57
10957,57
9562,57
16421,57
15982,57
6114,57
15436,57
6152,57
6370,57
15594,57
5027,57
4100,57
3907,57
14176,57
10966,57
5703,57
15454,57
6444,57
6294,57
6304,57
5709,57
6434,57
15420,57
8629,57
4081,57
5710,57
4080,57
14179,57
3553,57
6352,57
3264,57
6169,57
6897,57
3031,57
11716,57
4420,57
16900,57
10833,57
6373,57
3317,57
3925,57
5704,57
5010,57
3880,57
4369,57
3879,57
15595,57
6429,57
1931,57
1932,57
13333,57
13785,57
13087,57
1585,57
11109,57
5047,57
4559,57
4817,57
6044,57
4626,57
10858,57
13329,57
4505,57
13863,57
4554,57
13749,57
6041,57
1586,57
13331,57
11081,57
5048,57
4328,57
13758,57
5376,57
13753,57
14237,57
14238,57
6040,57
13757,57
10425,57
13745,57
4326,57
13634,57
4346,57
4349,57
4348,57
13302,57
13091,57
13638,57
13833,57
9097,57
13334,57
4322,57
13743,57
3603,57
3259,57
4321,57
13865,57
4506,57
4814,57
4323,57
6045,57
13332,57
13868,57
13864,57
3258,57
4999,57
15093,58
11306,58
15890,58
12740,58
14864,58
11546,58
11778,58
11083,58
16488,58
14862,58
14004,58
16834,58
14863,58
16750,58
16807,58
16749,58
14088,58
13403,58
13132,58
14076,58
11301,58
10788,58
13130,58
12403,58
14087,58
14075,58
9164,58
8275,58
3700,58
1019,58
11300,58
8149,58
8273,58
13129,58
3704,58
12741,58
12393,58
3703,58
11084,58
3702,58
11012,58
7940,58
8150,58
9161,58
13936,58
12225,58
13482,58
12742,58
13924,58
11303,58
13485,58
11016,58
13479,58
9348,58
1902,58
13486,58
8148,58
12302,58
11302,58
1665,58
992,58
7685,58
11780,58
8152,58
11305,58
12397,58
13131,58
11304,58
8153,58
8805,58
16653,58
11019,58
16772,58
11777,58
11018,58
15491,58
12398,58
12224,58
5182,58
5655,58
174,58
16652,58
5652,58
1971,58
16714,58
8667,58
16715,58
15096,58
15411,58
16700,58
16021,58
1970,58
16701,58
2710,58
14013,58
7044,58
2711,58
15092,58
15302,58
9057,58
11265,58
15304,58
16733,58
173,58
725,58
15321,58
16713,58
9889,58
12906,58
11266,58
15301,58
11267,58
13477,58
16735,58
15569,58
16716,58
15098,58
15492,58
12905,58
15047,58
12737,58
10422,58
7915,58
11070,58
11064,58
10220,58
11262,58
9160,58
12079,58
8510,58
8587,58
10421,58
8588,58
423,58
8589,58
12738,58
8590,58
8280,58
16751,58
7571,58
12128,58
13478,58
16947,58
16734,58
2469,58
4955,58
4985,58
11751,58
659,58
4988,58
12950,58
7067,58
12924,58
10790,58
11791,58
11790,58
15744,58
15745,58
7065,58
12925,58
12926,58
7066,58
117,58
4936,58
10267,58
10199,58
321,58
10309,58
150,58
11832,58
15658,58
10274,58
11838,58
7444,58
10313,58
324,58
10273,58
5932,58
10205,58
9056,58
16470,58
10203,58
13,58
12263,58
16843,58
9588,58
10312,58
16469,58
10094,58
430,58
10314,58
12266,58
464,58
10272,58
5365,58
10200,58
465,58
10264,58
11544,58
8378,58
142,58
10087,58
332,58
10096,58
178,58
10202,58
15,58
10270,58
4921,58
16170,58
10095,58
16169,58
3585,58
428,58
5367,58
400,58
10093,58
2484,58
9964,58
4990,58
11776,59
13402,59
14866,59
14077,59
14487,59
11779,59
10269,59
12739,59
8383,59
11076,59
11017,59
11077,59
8277,59
11065,59
15928,59
8382,59
11069,59
517,59
8151,59
10415,59
10959,59
6749,59
9937,59
2400,59
2401,59
2493,59
2537,59
2500,59
10002,59
5839,59
2334,59
9629,59
2336,59
6752,59
11129,59
4636,59
9956,59
8244,59
5835,59
2397,59
2431,59
7098,59
4635,59
6812,59
13580,59
10047,59
3453,59
2502,59
13577,59
8552,59
2434,59
7357,59
2435,59
3800,59
8551,59
12084,59
2653,59
8241,59
8554,59
1927,59
1510,59
1886,59
1511,59
1512,59
1509,59
12816,59
1880,59
1513,59
12776,59
11217,59
2656,59
11216,59
12775,59
2433,59
12815,59
12777,59
8246,59
2395,59
6750,59
5836,59
7358,59
2886,59
2432,59
3454,59
7671,59
9916,59
9762,59
7100,59
9761,59
8852,59
3319,59
4668,59
2885,59
9627,59
4493,59
2404,59
3318,59
15993,59
7668,59
9939,59
5837,59
9917,59
2402,59
8239,59
10050,59
4670,59
8553,59
3455,59
7359,59
3799,59
4492,59
7667,59
7101,59
9628,59
2499,59
7807,59
7669,59
7810,59
9938,59
5838,59
2399,59
3452,59
4984,59
10001,59
2540,59
7099,59
3945,59
3447,59
3422,59
2495,59
8582,59
7459,59
3948,59
7463,59
16942,59
12116,59
8459,59
2582,59
7424,59
12175,59
8398,59
3234,59
3434,59
9883,59
8610,59
13312,59
4028,59
9885,59
4026,59
11663,59
8200,59
132,59
12179,59
12080,59
16773,59
16786,59
12173,59
11909,59
11127,59
13194,59
2405,59
2536,59
2501,59
2496,59
8130,59
126,59
6756,59
8494,59
2890,59
8577,59
14253,59
9242,59
14163,59
8608,59
14255,59
7928,59
2756,59
9243,59
14165,59
8467,59
7355,59
8532,59
2809,59
7133,59
14162,59
8366,59
2855,59
10394,59
14169,59
6699,59
14168,59
832,59
14164,59
195,59
10172,59
13888,59
14327,59
731,59
14254,59
7136,59
11080,59
14167,59
14166,59
497,59
7464,59
8968,59
8967,59
8609,59
8965,59
124,59
8529,59
8485,59
10175,59
2753,59
2630,59
4971,59
9344,59
8544,59
8184,59
2755,59
6451,59
7353,59
9343,59
6449,59
9342,59
3789,59
5931,60
326,60
13883,60
190,60
13993,60
4523,60
2252,60
5911,60
2823,60
4054,60
362,60
2231,60
2253,60
14509,60
14661,60
14657,60
14568,60
14706,60
14658,60
14508,60
14381,60
14383,60
14380,60
14382,60
14424,60
14425,60
13994,60
14426,60
13999,60
14694,60
9760,60
3073,60
2234,60
4090,60
14785,60
14505,60
4266,60
4183,60
14691,60
14690,60
4095,60
4531,60
3078,60
7012,60
363,60
4088,60
2830,60
6254,60
151,60
9841,60
3076,60
163,60
11983,60
2246,60
4611,60
6717,60
2461,60
6726,60
3080,60
7618,60
191,60
2255,60
6771,60
2302,60
5252,60
4477,60
161,60
14709,60
2463,60
6725,60
2825,60
6775,60
2236,60
14504,60
4187,60
323,60
5398,60
2318,60
11952,60
2934,60
3855,60
11982,60
11987,60
2317,60
118,60
5247,60
5416,60
7053,60
325,60
2254,60
11975,60
2237,60
14567,60
3079,60
3850,60
2230,60
6991,60
96,60
157,60
6066,60
3063,60
6069,60
7056,60
2316,60
116,60
2129,60
4453,60
14662,60
94,60
4488,60
4456,60
192,60
3343,60
2247,60
3344,60
4092,60
2238,60
5404,60
9842,60
3068,60
14566,60
14787,60
14569,60
5414,60
2127,60
4452,60
4283,60
4484,60
193,60
5242,60
2235,60
156,60
4272,60
4267,60
4094,60
4188,60
2939,60
120,60
93,60
5387,60
3075,60
14656,60
2239,60
97,60
3069,60
4527,60
2251,60
4096,60
5396,60
154,60
6065,60
4533,60
5402,60
2572,60
4450,60
153,60
158,60
2319,60
4485,60
2829,60
152,60
7814,60
8243,60
7816,60
6801,60
7815,60
7808,60
8204,60
4543,60
10684,60
4547,60
4542,60
6791,60
2888,60
13096,60
13094,60
16168,60
11104,60
2889,60
6817,60
6810,60
6816,60
16188,60
13146,60
7809,60
16172,60
16335,60
15923,60
12609,60
16173,60
16152,60
9505,60
9506,60
11494,60
11492,60
9508,60
9503,60
11495,60
2820,60
2819,60
3801,60
13975,60
11508,60
6273,60
7416,60
12348,60
8534,60
8492,60
13340,60
6643,60
6645,60
13339,60
8535,60
839,60
7423,60
12350,60
8541,60
12347,60
11147,60
7417,60
361,61
16487,61
9194,61
4093,61
5633,61
2184,61
3451,61
7410,61
2128,61
2494,61
5415,61
3520,61
3563,61
7414,61
14313,61
2497,61
5632,61
6339,61
7979,61
14312,61
10720,61
14791,61
5629,61
6342,61
14311,61
2824,61
8018,61
10201,61
6346,61
7348,61
14786,61
7412,61
14564,61
2187,61
10271,61
14506,61
6345,61
7409,61
1558,61
2498,61
10719,61
14565,61
137,61
1596,61
322,61
1595,61
1972,61
14379,61
2462,61
15891,61
1714,61
2218,61
8347,61
1680,61
15901,61
15895,61
9055,61
9061,61
9063,61
16831,61
3439,61
15785,61
8380,61
3437,61
8379,61
15786,61
10204,61
15893,61
16809,61
7445,61
8352,61
10276,61
16808,61
7442,61
16840,61
16832,61
16833,61
16841,61
16842,61
9062,61
9893,61
7408,61
9892,61
6038,61
10275,61
13165,61
9305,61
9227,61
10301,61
4344,61
3522,61
4237,61
3526,61
4231,61
3524,61
3521,61
9886,61
3396,61
4562,61
3403,61
16785,61
3401,61
3402,61
4234,61
3525,61
4564,61
3523,61
3404,61
3399,61
11658,61
13166,61
16844,61
11153,61
9429,61
112,61
11155,61
11132,61
131,61
9309,61
10809,61
9548,61
16774,61
9887,61
15224,61
908,61
9306,61
11991,61
11022,61
12067,61
13172,61
10303,61
11989,61
16787,61
13313,61
11948,61
16775,61
9042,61
12180,61
9311,61
7222,61
7223,61
12176,61
7127,61
906,61
9041,61
2958,61
11120,61
11122,61
13200,61
904,61
1121,61
113,61
9046,61
10807,61
10302,61
10808,61
11910,61
9488,61
10811,61
11656,61
9501,61
10772,61
9428,61
204,61
935,61
13177,61
10812,61
1225,61
3583,61
927,61
10304,61
9423,61
13175,61
13373,61
11943,61
3588,61
12062,61
3587,61
9502,61
3235,61
10778,61
1226,61
13309,61
9884,61
10777,61
10774,61
924,61
12174,61
936,61
10424,61
11154,61
13173,61
11911,61
13560,61
9044,61
12051,61
11912,61
202,61
1613,62
567,62
5156,62
3802,62
5161,62
6934,62
3864,62
5153,62
7247,62
7644,62
7241,62
4681,62
7623,62
2384,62
5196,62
106,62
9952,62
9953,62
10043,62
16561,62
9951,62
7271,62
7246,62
4774,62
5193,62
5195,62
14857,62
5157,62
4773,62
3806,62
7272,62
7645,62
5192,62
14560,62
3803,62
7629,62
7242,62
7248,62
7628,62
8359,62
5575,62
5576,62
7270,62
14696,62
3645,62
3805,62
4772,62
14700,62
5159,62
9323,62
14698,62
9532,62
9328,62
6935,62
3644,62
9322,62
4686,62
14702,62
14701,62
3640,62
7624,62
3866,62
14699,62
10396,62
14697,62
6938,62
7273,62
3862,62
14704,62
9319,62
9320,62
3527,62
7642,62
9321,62
5152,62
14705,62
7632,62
14703,62
3865,62
8361,62
10399,62
3807,62
4771,62
7643,62
5189,62
7057,62
4688,62
7244,62
5190,62
4684,62
7239,62
6941,62
5574,62
4769,62
14561,62
9800,62
4687,62
9797,62
10707,62
8362,62
9799,62
14850,62
14849,62
9801,62
7243,62
7268,62
9798,62
13487,62
5197,62
5191,62
7631,62
10991,62
3088,62
7269,62
14800,62
5154,62
9273,62
9272,62
9271,62
5194,62
3863,62
526,62
527,62
10713,62
5188,62
14559,62
4770,62
4685,62
127,62
7422,62
10174,62
9897,62
9158,62
6700,62
7481,62
10372,62
6701,62
196,62
9157,62
10173,62
7478,62
7479,62
9240,62
8772,62
123,62
197,62
9894,62
8546,62
8187,62
9159,62
8545,62
626,62
6644,62
7480,62
7134,62
6646,62
840,62
189,62
6696,62
6697,62
7135,62
194,62
9898,62
10256,62
7476,62
4027,62
881,62
680,62
8576,62
883,62
685,62
8364,62
8547,62
8581,62
122,62
939,62
9340,62
9339,62
621,62
6641,62
730,62
4442,62
2625,62
8488,62
12349,62
2629,62
9045,62
13269,62
10423,62
9049,62
10427,62
14836,62
9043,62
13605,62
12379,62
9048,62
14837,62
14833,62
8049,62
14798,62
14854,62
14806,62
9050,62
14801,62
12378,62
14807,62
10426,62
1593,62
14851,62
2944,62
9047,62
14805,62
13604,62
13606,62
14799,62
14803,62
7433,62
1591,62
14129,62
1592,62
14126,62
1594,62
14128,62
7326,62
14133,62
14134,62
14131,62
2009,62
14130,62
1590,62
14127,62
1615,62
2076,62
4609,63
4613,63
4642,63
6773,63
7257,63
12434,63
4476,63
11883,63
7093,63
4644,63
4612,63
7855,63
7006,63
12851,63
8444,63
6724,63
6262,63
12277,63
10732,63
8116,63
6720,63
13357,63
8117,63
13363,63
13360,63
13371,63
3275,63
11885,63
11886,63
3274,63
7088,63
6797,63
6718,63
12839,63
7013,63
7091,63
13361,63
4478,63
13320,63
13319,63
7010,63
13321,63
12848,63
6767,63
13362,63
12432,63
7572,63
13318,63
6723,63
12847,63
3546,63
3278,63
12844,63
13358,63
7579,63
6722,63
3273,63
4641,63
6795,63
8942,63
7003,63
12433,63
7011,63
7008,63
6727,63
5215,63
6261,63
6798,63
10734,63
8445,63
6561,63
7258,63
3529,63
3530,63
7620,63
7005,63
14201,63
6792,63
12842,63
5646,63
10733,63
7260,63
7982,63
10730,63
8437,63
7085,63
11882,63
6258,63
6265,63
8939,63
12539,63
12841,63
7263,63
12430,63
6793,63
4610,63
12278,63
8443,63
6266,63
8115,63
6772,63
8434,63
6721,63
12279,63
4643,63
4615,63
6259,63
7089,63
5648,63
10728,63
6263,63
10731,63
8439,63
7619,63
6719,63
3543,63
4646,63
12849,63
4472,63
6800,63
7616,63
6267,63
12783,63
12540,63
10729,63
3544,63
10735,63
6264,63
6774,63
7009,63
7007,63
12276,63
4614,63
198,63
6268,63
2385,63
8114,63
7262,63
4645,63
7087,63
6799,63
10723,63
7615,63
12431,63
11881,63
4940,63
1240,63
15664,63
7522,63
7525,63
7434,63
15650,63
10266,63
6460,63
15645,63
16028,63
1242,63
15648,63
16032,63
6459,63
6461,63
15642,63
1239,63
15665,63
1243,63
15649,63
16315,63
6462,63
7519,63
15662,63
10830,63
10831,63
6463,63
1272,63
16030,63
15663,63
16034,63
11880,63
16326,63
7362,63
7687,63
15667,63
1868,63
16035,63
15644,63
15646,63
7499,63
7500,63
6845,63
10263,63
15669,63
7708,63
15668,63
7759,63
16033,63
16031,63
7502,63
7462,63
16029,63
7542,63
15643,63
7322,63
7111,63
6844,63
15647,63
11580,63
7432,63
6390,63
6332,63
7457,63
7435,63
14135,63
7689,63
6388,63
5840,63
8046,63
7789,63
6389,63
6330,63
7523,63
6288,63
14132,63
7747,63
10265,63
6049,63
6331,63
7521,63
8050,63
6383,63
7524,63
5841,63
11519,63
1801,63
11105,63
14834,63
2942,63
14855,63
2943,63
10268,63
1614,63
1589,63
12235,64
12967,64
12311,64
12428,64
12427,64
13718,64
13770,64
7202,64
12316,64
12969,64
7696,64
7392,64
12435,64
6249,64
12380,64
6997,64
7391,64
13099,64
13024,64
13901,64
7729,64
12315,64
13023,64
13900,64
7380,64
4020,64
13150,64
13100,64
13029,64
13028,64
12376,64
4019,64
12871,64
13903,64
4018,64
4017,64
13799,64
13798,64
11828,64
13898,64
13145,64
10937,64
12868,64
12964,64
13092,64
13801,64
12182,64
10940,64
12345,64
12879,64
13025,64
12611,64
13093,64
12970,64
7593,64
13800,64
12880,64
12870,64
13019,64
10939,64
12610,64
12612,64
13102,64
10938,64
12878,64
12371,64
13101,64
12872,64
7663,64
12614,64
7319,64
13899,64
13149,64
12370,64
11141,64
13095,64
12971,64
6992,64
12875,64
12608,64
16089,64
12968,64
12962,64
13804,64
14391,64
15970,64
16090,64
13650,64
14321,64
12963,64
13027,64
11950,64
7381,64
7662,64
7182,64
13897,64
11979,64
11981,64
11976,64
11951,64
16937,64
9981,64
4963,64
4969,64
12869,64
13098,64
10941,64
11337,64
13644,64
13026,64
13022,64
13020,64
12881,64
13904,64
12346,64
13097,64
12615,64
12381,64
11140,64
1031,64
720,64
930,64
934,64
1151,64
1150,64
1103,64
1102,64
1149,64
13018,64
6994,64
1447,64
1448,64
7196,64
7585,64
11224,64
2391,64
11335,64
7795,64
1305,64
13905,64
6680,64
818,64
6996,64
987,64
984,64
6253,64
12375,64
986,64
12972,64
7694,64
12339,64
7388,64
7592,64
12181,64
7728,64
1414,64
1413,64
16596,64
16595,64
16426,64
16424,64
15408,64
16608,64
1015,64
16427,64
15422,64
16251,64
15406,64
15503,64
10942,64
676,64
15572,64
15421,64
15501,64
15526,64
15499,64
15438,64
14672,64
1389,64
674,64
7309,64
14673,64
14774,64
14669,64
15407,64
14775,64
14667,64
14776,64
14670,64
14794,64
14796,64
11060,64
9268,64
14676,64
15527,64
15404,64
15170,64
11062,64
14674,64
15359,64
16592,64
7312,64
7311,64
15494,64
14843,64
2971,64
15409,64
16617,64
16604,64
675,64
15168,64
16282,64
761,64
15167,64
15358,64
420,64
16246,64
7741,64
16616,64
678,64
15169,64
15502,64
16609,64
15497,64
16250,64
16597,64
7742,64
9264,64
16429,64
3374,64
3199,64
7373,65
1796,65
7300,65
2450,65
10963,65
1794,65
1795,65
8896,65
7371,65
8895,65
5910,65
11529,65
8673,65
7374,65
11531,65
1204,65
8672,65
2967,65
8574,65
7305,65
8371,65
11121,65
5058,65
7299,65
10913,65
10962,65
10933,65
8653,65
6568,65
5061,65
7377,65
6904,65
5907,65
6230,65
1207,65
6570,65
2553,65
5906,65
6547,65
9896,65
6571,65
7375,65
7301,65
2587,65
2583,65
8889,65
10584,65
11103,65
10578,65
2854,65
8923,65
7378,65
1205,65
11361,65
2581,65
8732,65
8369,65
13877,65
7782,65
8890,65
2558,65
1492,65
10961,65
6548,65
8738,65
10923,65
8578,65
5057,65
6537,65
4892,65
6269,65
6532,65
6552,65
3238,65
7298,65
3233,65
8370,65
8180,65
8181,65
8374,65
8671,65
8670,65
6550,65
6534,65
6270,65
5912,65
5985,65
5982,65
5063,65
14418,65
13830,65
13545,65
13662,65
14421,65
2138,65
2145,65
11108,65
6573,65
11112,65
1123,65
10925,65
1120,65
10921,65
2856,65
2557,65
11093,65
2589,65
2857,65
10898,65
2141,65
2142,65
10915,65
2143,65
10927,65
11113,65
1035,65
11094,65
10912,65
13199,65
1122,65
13195,65
13196,65
10922,65
2144,65
1124,65
11092,65
12055,65
10932,65
2139,65
11091,65
10926,65
6912,65
8733,65
8675,65
12054,65
2140,65
389,65
11627,65
10900,65
4973,65
14961,65
175,65
76,65
636,65
2966,65
6569,65
429,65
1042,65
80,65
396,65
5066,65
5981,65
10736,65
10587,65
1038,65
6536,65
16606,65
644,65
16594,65
724,65
15355,65
15525,65
15475,65
421,65
15493,65
15423,65
14784,65
4299,65
7274,65
15403,65
14792,65
14865,65
16615,65
14783,65
16378,65
15496,65
16425,65
15498,65
15356,65
16280,65
4296,65
15357,65
15528,65
16248,65
15437,65
7745,65
16614,65
14675,65
16605,65
15571,65
14795,65
16249,65
15171,65
16607,65
14671,65
16247,65
9267,65
14668,65
15458,65
16279,65
15500,65
14793,65
7746,65
16283,65
15405,65
677,65
16252,65
14845,65
9265,65
1014,65
15402,65
8257,65
8258,65
16428,65
16278,65
15495,65
15474,65
16379,65
16593,65
12729,66
3049,66
15091,66
2678,66
2898,66
2119,66
2670,66
2118,66
2116,66
15090,66
2671,66
2896,66
3044,66
2120,66
2121,66
2675,66
12728,66
2117,66
2674,66
2677,66
2115,66
2897,66
2111,66
2112,66
2892,66
2900,66
15270,66
13829,66
8643,66
8831,66
8640,66
9415,66
14155,66
8645,66
8636,66
15269,66
732,66
7868,66
7867,66
8826,66
14531,66
14415,66
8646,66
11288,66
15008,66
12135,66
2863,66
12724,66
15010,66
9411,66
8827,66
14689,66
9417,66
1254,66
14145,66
14679,66
9412,66
2673,66
11286,66
8648,66
14681,66
10090,66
15275,66
9419,66
10089,66
9420,66
15273,66
13971,66
15268,66
15272,66
729,66
736,66
9414,66
15007,66
11213,66
13267,66
11289,66
11287,66
12722,66
14527,66
737,66
12329,66
735,66
10764,66
11284,66
14414,66
4922,66
11215,66
15266,66
1336,66
15271,66
15011,66
12721,66
14870,66
929,66
13978,66
928,66
15274,66
14532,66
14873,66
9418,66
15006,66
2303,66
14688,66
14868,66
15267,66
7693,66
1365,66
2016,66
13265,66
14682,66
8828,66
14686,66
0,66
14153,66
14530,66
14951,66
6533,66
2018,66
4827,66
2021,66
439,66
14687,66
14869,66
1253,66
4444,66
14533,66
14583,66
1938,66
15280,66
6674,66
15354,66
9300,66
15439,66
9961,66
15440,66
10971,66
7666,66
15235,66
9263,66
10633,66
6483,66
4702,66
15236,66
6479,66
15178,66
9996,66
9585,66
9552,66
8113,66
15233,66
7978,66
15226,66
9413,66
10296,66
15179,66
7976,66
10259,66
4976,66
4979,66
4978,66
4977,66
7726,66
15225,66
9298,66
10943,66
9557,66
12877,66
10297,66
9556,66
5067,66
15223,66
7061,66
11532,66
14884,66
5064,66
10258,66
6464,66
10914,66
6835,66
11118,66
6482,66
10248,66
6574,66
6481,66
9550,66
8446,66
10254,66
10295,66
13310,66
7059,66
10634,66
13563,66
10298,66
13311,66
10973,66
7731,66
10300,66
10245,66
8053,66
7043,66
9547,66
9276,67
9189,67
110,67
9184,67
9176,67
9274,67
13317,67
11557,67
11182,67
9179,67
15113,67
15116,67
134,67
4229,67
9186,67
9138,67
11183,67
9178,67
11402,67
9032,67
441,67
5,67
14563,67
6,67
329,67
14562,67
11185,67
14707,67
893,67
892,67
937,67
9034,67
9028,67
9185,67
208,67
888,67
209,67
899,67
9029,67
1022,67
330,67
14931,67
14802,67
207,67
9033,67
133,67
108,67
6322,67
14598,67
14930,67
1905,67
9030,67
1881,67
9275,67
9137,67
13706,67
1906,67
9135,67
210,67
1,67
9190,67
129,67
13015,67
107,67
6531,67
4821,67
4822,67
4,67
328,67
102,67
4044,67
4434,67
15237,67
14883,67
15234,67
15230,67
15232,67
15177,67
13314,67
10257,67
10260,67
10261,67
2544,67
6083,67
9639,67
5813,67
53,67
7801,67
11056,67
11032,67
9641,67
7587,67
5389,67
13448,67
91,67
10062,67
7590,67
7324,67
90,67
7325,67
4487,67
101,67
162,67
7588,67
9636,67
92,67
7255,67
4671,67
9354,67
11033,67
160,67
7474,67
7586,67
9777,67
11031,67
5412,67
7596,67
9781,67
58,67
10060,67
7733,67
11028,67
10278,67
7250,67
7254,67
2524,67
159,67
5656,67
9721,67
7253,67
5782,67
9668,67
10972,67
8557,67
105,67
7737,67
7736,67
9671,67
7320,67
9772,67
7472,67
7802,67
7595,67
9356,67
10852,67
7799,67
10970,67
10061,67
7738,67
10977,67
9355,67
10045,67
10979,67
10044,67
11029,67
7734,67
11013,67
5883,67
7379,67
10976,67
9635,67
9779,67
6866,67
9637,67
6495,67
5670,67
11011,67
3830,67
11025,67
9776,67
10978,67
11015,67
5740,67
5246,67
7591,67
6503,67
6501,67
8691,67
5738,67
10280,67
6378,67
6522,67
11258,67
5584,67
11010,67
5654,67
6498,67
10290,67
7598,67
3833,67
3827,67
6523,67
10291,67
5815,67
6499,67
5814,67
3835,67
9846,67
8779,67
7383,67
6867,67
3837,67
6497,67
5739,67
7597,67
6943,67
9670,67
7797,67
5388,67
5879,67
8688,67
7256,67
6865,67
6864,67
7800,67
12843,67
2423,67
12837,67
13359,67
13364,67
12838,67
13368,67
12853,67
13366,67
13370,67
13365,67
13367,67
12852,67
2027,67
13369,67
12840,67
1995,67
1811,67
1852,67
2321,67
1992,67
2034,67
2566,67
2327,67
2232,67
2325,67
2035,67
1885,67
5831,68
5671,68
6887,68
7558,68
5833,68
6226,68
6888,68
6229,68
6060,68
5832,68
6225,68
6061,68
6216,68
6884,68
8077,68
7024,68
6059,68
7559,68
6874,68
13693,68
6886,68
6876,68
6224,68
6245,68
6889,68
7550,68
6228,68
6875,68
1229,68
7082,68
6056,68
1228,68
6231,68
6246,68
1235,68
7095,68
6057,68
6237,68
3981,68
13681,68
13680,68
1251,68
5477,68
6885,68
13499,68
6221,68
4904,68
6227,68
5830,68
6220,68
3982,68
3657,68
6223,68
6555,68
6053,68
6219,68
4903,68
7557,68
6217,68
6562,68
7544,68
5990,68
3979,68
7338,68
1233,68
3878,68
1234,68
13686,68
6931,68
3782,68
2764,68
3875,68
13852,68
10944,68
7086,68
13689,68
12854,68
13724,68
1669,68
510,68
506,68
13923,68
13731,68
13730,68
13221,68
619,68
1663,68
1742,68
1933,68
11690,68
499,68
13922,68
536,68
13914,68
10877,68
738,68
13215,68
509,68
1930,68
9091,68
16111,68
13909,68
10895,68
12502,68
11455,68
13246,68
5674,68
13921,68
168,68
12505,68
767,68
13733,68
13474,68
10948,68
10894,68
5681,68
11456,68
12860,68
8904,68
165,68
627,68
13472,68
13244,68
8286,68
8287,68
7495,68
502,68
164,68
9873,68
8285,68
8974,68
765,68
13533,68
7494,68
742,68
8971,68
743,68
13222,68
629,68
1738,68
9102,68
11568,68
11293,68
741,68
6354,68
11294,68
8686,68
11296,68
9863,68
625,68
511,68
6642,68
13711,68
10650,68
11977,68
7477,68
7633,68
6653,68
10645,68
7654,68
8899,68
7611,68
9101,68
6362,68
8973,68
10279,68
8338,68
10170,68
7601,68
10907,68
6652,68
10169,68
7498,68
7610,68
6357,68
6358,68
8342,68
6911,68
7646,68
8766,68
8343,68
9867,68
7492,68
3302,68
3324,68
8905,68
9870,68
10166,68
8344,68
7607,68
7637,68
8337,68
7636,68
8393,68
8335,68
9107,68
9099,68
7640,68
9105,68
7608,68
10434,68
10435,68
7612,68
7638,68
10161,68
5679,68
5711,68
6659,68
7600,68
11610,68
9864,68
8903,68
7635,68
9095,68
10281,68
9872,68
9875,68
13433,68
5756,68
5687,68
5750,68
5686,68
5755,68
3140,68
5684,68
13617,68
13375,68
13609,68
13555,68
6922,68
13377,68
13341,68
12700,68
13380,68
11341,68
13214,68
13379,68
8563,68
13382,68
13521,68
6945,68
13544,68
791,68
2320,69
13729,69
2037,69
1958,69
2591,69
3541,69
2424,69
3194,69
2672,69
2590,69
1897,69
13397,69
3267,69
3711,69
2331,69
5217,69
2324,69
1960,69
1996,69
1994,69
13395,69
3223,69
3266,69
2599,69
2329,69
5212,69
12512,69
13631,69
1887,69
1853,69
13372,69
5009,69
12846,69
1807,69
2418,69
2595,69
2569,69
2601,69
5639,69
3227,69
3716,69
2326,69
1964,69
2594,69
3225,69
2588,69
5214,69
1884,69
5074,69
9366,69
4071,69
9372,69
5949,69
6843,69
6764,69
6842,69
5068,69
6966,69
10873,69
5266,69
5270,69
9370,69
5941,69
5954,69
6984,69
5069,69
5267,69
6610,69
10486,69
5268,69
6176,69
10678,69
6174,69
5950,69
5944,69
6279,69
8716,69
5271,69
9369,69
10491,69
6539,69
9291,69
10484,69
6973,69
9104,69
8717,69
8720,69
6280,69
9364,69
6278,69
5945,69
6542,69
10483,69
4074,69
8714,69
10481,69
6612,69
6974,69
8719,69
9368,69
4675,69
8718,69
6972,69
6765,69
6976,69
10874,69
9283,69
10489,69
6179,69
6981,69
9376,69
6175,69
6185,69
6183,69
5952,69
6544,69
9375,69
6177,69
6977,69
6180,69
6276,69
6766,69
9282,69
6181,69
9626,69
9373,69
6607,69
9106,69
6546,69
6975,69
9371,69
5942,69
6092,69
6545,69
6847,69
5946,69
11462,69
8715,69
6173,69
5264,69
5951,69
6605,69
6846,69
5073,69
5265,69
6540,69
8749,69
10485,69
9363,69
9377,69
8709,69
9374,69
8710,69
5071,69
8768,69
5953,69
10492,69
6538,69
7639,69
6660,69
6606,69
7497,69
7651,69
8972,69
8396,69
8397,69
6640,69
9871,69
6651,69
8094,69
7649,69
7496,69
7604,69
9874,69
8336,69
6650,69
6655,69
7606,69
6360,69
8403,69
7648,69
8692,69
6095,69
8689,69
6662,69
7599,69
8970,69
7605,69
9869,69
4939,69
8975,69
5003,69
6914,69
8900,69
6361,69
6647,69
11088,69
6648,69
6359,69
8402,69
5676,69
7652,69
10277,69
8404,69
11592,69
5001,69
8395,69
7609,69
8345,69
6654,69
6649,69
7634,69
5690,69
7833,69
7313,69
2593,69
1965,69
1993,69
2571,69
5644,69
3710,69
5645,69
3735,69
3222,69
1883,69
5641,69
5638,69
1808,69
1810,69
5218,69
3226,69
2031,69
2425,69
2025,69
2029,69
2668,69
2038,69
2576,69
2600,69
2028,69
2565,69
2328,69
2417,69
1961,69
6559,69
2592,69
2330,69
2598,69
2036,69
1956,69
2421,69
1806,69
16723,70
16865,70
16673,70
13541,70
12554,70
16864,70
103,70
16757,70
1727,70
16798,70
2379,70
8931,70
8945,70
16704,70
16799,70
1313,70
16737,70
1841,70
8934,70
16725,70
8755,70
16670,70
100,70
16795,70
13127,70
16796,70
16724,70
16859,70
319,70
16755,70
16810,70
16886,70
16885,70
199,70
12765,70
16622,70
1632,70
16706,70
16812,70
16863,70
13618,70
201,70
12993,70
16819,70
16722,70
16671,70
16703,70
16866,70
12124,70
16642,70
16675,70
16621,70
16793,70
12024,70
12297,70
16884,70
16727,70
12984,70
16618,70
16794,70
12948,70
239,70
12932,70
639,70
16816,70
16760,70
16619,70
16640,70
10738,70
11468,70
16882,70
320,70
16702,70
8943,70
16752,70
16674,70
16738,70
9126,70
1863,70
16720,70
16867,70
1490,70
6348,70
16818,70
12359,70
16717,70
16814,70
16719,70
16753,70
13894,70
16620,70
16860,70
16623,70
9110,70
16624,70
1837,70
9111,70
16797,70
13893,70
13892,70
16691,70
4893,70
371,70
8946,70
890,70
15089,70
9441,70
989,70
656,70
693,70
8,70
699,70
858,70
952,70
1130,70
1363,70
524,70
695,70
30,70
14,70
862,70
691,70
824,70
1135,70
1134,70
1959,70
32,70
662,70
700,70
1368,70
869,70
956,70
955,70
1362,70
1962,70
866,70
28,70
1112,70
1955,70
809,70
521,70
817,70
688,70
815,70
1975,70
825,70
812,70
1584,70
14731,70
14829,70
1137,70
830,70
523,70
864,70
692,70
31,70
709,70
776,70
814,70
14363,70
829,70
867,70
141,70
951,70
1131,70
1813,70
1812,70
781,70
135,70
947,70
704,70
703,70
149,70
957,70
13736,70
705,70
1114,70
827,70
1113,70
11687,70
620,70
1667,70
13247,70
11567,70
13218,70
1936,70
13216,70
12861,70
13220,70
11349,70
1928,70
13113,70
624,70
507,70
766,70
11351,70
1937,70
1739,70
255,70
622,70
11972,70
10092,70
256,70
1664,70
10091,70
11560,70
11298,70
12863,70
623,70
628,70
11566,70
739,70
13468,70
13473,70
535,70
13204,70
12394,71
12396,71
12399,71
12927,71
12907,71
15989,71
14693,71
2646,71
10493,71
6437,71
10487,71
8240,71
14198,71
14430,71
12400,71
13454,71
14432,71
3033,71
14708,71
14715,71
16194,71
16196,71
16223,71
12908,71
15952,71
7672,71
3201,71
13456,71
13323,71
7185,71
3200,71
14433,71
16213,71
3528,71
11369,71
13111,71
16216,71
16198,71
14719,71
8247,71
14710,71
14714,71
15953,71
16174,71
13115,71
13298,71
13324,71
10619,71
14716,71
13112,71
8237,71
7673,71
12401,71
14692,71
13417,71
15666,71
13117,71
13457,71
13428,71
13453,71
8236,71
16352,71
13021,71
13455,71
16351,71
16366,71
14718,71
16365,71
16212,71
7811,71
16197,71
15951,71
14713,71
16363,71
14717,71
8238,71
16368,71
8868,71
16199,71
8245,71
16222,71
12912,71
16221,71
1097,71
12929,71
12928,71
12930,71
15934,71
15933,71
16192,71
14871,71
16186,71
4900,71
6440,71
5470,71
6964,71
2203,71
7072,71
6055,71
7074,71
7210,71
3656,71
6929,71
3122,71
7209,71
4132,71
15570,71
6565,71
10221,71
4905,71
10065,71
3784,71
10232,71
6564,71
8272,71
5478,71
7727,71
6054,71
10249,71
9933,71
4199,71
10193,71
4204,71
7118,71
7122,71
7206,71
6566,71
9632,71
3978,71
8259,71
2204,71
4859,71
6335,71
4131,71
7201,71
2212,71
7083,71
7548,71
4669,71
3980,71
2041,71
1924,71
2046,71
4906,71
16121,71
2757,71
16120,71
6248,71
16122,71
3983,71
16195,71
6928,71
6438,71
15892,71
4902,71
15023,71
5834,71
16211,71
16193,71
6556,71
15209,71
7549,71
15165,71
6244,71
4699,71
10666,71
15932,71
15931,71
3197,71
16349,71
7126,71
16350,71
4701,71
9974,71
12489,71
7546,71
12491,71
10739,71
16150,71
6557,71
7084,71
10947,71
7751,71
1312,71
16022,71
7090,71
16869,71
6247,71
16023,71
5991,71
1454,71
1455,71
2979,71
12864,71
6811,71
13817,71
13524,71
13509,71
8401,71
13241,71
11297,71
13528,71
8306,71
504,71
508,71
1668,71
12507,71
1935,71
1741,71
8400,71
8282,71
13470,71
11691,71
7554,71
503,71
1929,71
13534,71
8304,71
12503,71
13808,71
12508,71
13925,71
12506,71
7551,71
7418,72
1967,72
1966,72
3717,72
11995,72
2032,72
3192,72
3712,72
6626,72
15099,72
1898,72
15101,72
2585,72
6560,72
12616,72
6987,72
14922,72
8331,72
15159,72
4260,72
2570,72
4259,72
12521,72
6631,72
5232,72
5595,72
6625,72
4261,72
6630,72
4060,72
5237,72
15157,72
12526,72
15129,72
2026,72
7034,72
12528,72
3705,72
5403,72
2002,72
5780,72
5505,72
5503,72
8830,72
1851,72
4068,72
2563,72
5507,72
5401,72
5238,72
4385,72
11854,72
11857,72
7873,72
15133,72
2033,72
2233,72
5619,72
1968,72
4384,72
4262,72
4066,72
12524,72
2586,72
1963,72
5409,72
5407,72
3737,72
5989,72
4059,72
7426,72
12827,72
15130,72
15132,72
15068,72
7427,72
15124,72
12522,72
5733,72
6624,72
11990,72
15135,72
13875,72
15128,72
6071,72
5621,72
5600,72
15126,72
11471,72
7897,72
7035,72
7893,72
15160,72
5594,72
15136,72
5177,72
5787,72
6627,72
12525,72
15069,72
5030,72
7425,72
5592,72
15279,72
7887,72
11994,72
11473,72
7026,72
11511,72
5028,72
4380,72
6067,72
5234,72
5400,72
5618,72
5808,72
3836,72
4067,72
12256,72
1458,72
1656,72
1459,72
2530,72
4690,72
1215,72
775,72
689,72
673,72
868,72
860,72
147,72
757,72
756,72
758,72
10461,72
10469,72
759,72
10471,72
10462,72
10099,72
10470,72
10468,72
10465,72
12648,72
8570,72
8846,72
8566,72
10467,72
12647,72
10466,72
8568,72
8849,72
13376,72
8845,72
784,72
11370,72
8569,72
8842,72
13451,72
8567,72
8572,72
8562,72
13610,72
8848,72
13517,72
8571,72
785,72
11342,72
11343,72
11348,72
8564,72
8560,72
12682,72
3947,72
9778,72
11350,72
13522,72
8847,72
8565,72
13148,72
13608,72
796,72
8561,72
11338,72
13452,72
13483,72
3942,72
13525,72
12699,72
10288,72
13383,72
3944,72
9818,72
11344,72
3834,72
793,72
8844,72
13643,72
13449,72
13520,72
11458,72
8392,72
11457,72
7252,72
494,72
7798,72
13378,72
13438,72
788,72
8801,72
5691,72
13450,72
12685,72
787,72
786,72
5757,72
6755,72
5753,72
13549,72
6208,72
5689,72
789,72
5688,72
790,72
5752,72
13564,72
5685,72
13337,72
6256,72
12698,72
13616,72
794,72
797,72
7220,72
13639,72
792,72
13484,72
7,72
6439,72
11055,72
8800,72
13874,72
6182,72
13641,72
13647,72
5413,72
13553,72
795,72
783,72
931,72
13381,72
9838,72
9845,72
9031,73
13907,73
9714,73
2488,73
9232,73
991,73
437,73
13697,73
9829,73
3,73
12527,73
10388,73
491,73
10600,73
489,73
2248,73
484,73
13849,73
9633,73
449,73
702,73
9277,73
1109,73
211,73
60,73
13245,73
213,73
4595,73
9173,73
16405,73
212,73
16231,73
9278,73
448,73
205,73
11901,73
9068,73
13699,73
109,73
1018,73
10390,73
9177,73
13243,73
3798,73
5123,73
438,73
9830,73
3828,73
7352,73
6597,73
9824,73
6596,73
7349,73
8139,73
9136,73
8501,73
6394,73
2,73
2486,73
13696,73
9666,73
9174,73
13906,73
492,73
9667,73
13518,73
2491,73
13719,73
2438,73
9036,73
5504,73
9067,73
2262,73
2263,73
5121,73
2259,73
12735,73
12736,73
2260,73
3084,73
1167,73
10601,73
1111,73
2451,73
2453,73
466,73
1715,73
9712,73
463,73
11036,73
3085,73
3081,73
2261,73
2436,73
10386,73
1110,73
10599,73
10598,73
1351,73
457,73
11034,73
384,73
1156,73
12473,73
462,73
1681,73
1073,73
1068,73
2443,73
2446,73
525,73
522,73
6458,73
11657,73
1059,73
1057,73
1058,73
8276,73
1071,73
15180,73
1060,73
15227,73
8140,73
1197,73
8144,73
1070,73
8146,73
10246,73
8145,73
10299,73
8108,73
9337,73
8419,73
9035,73
9551,73
9181,73
11020,73
9187,73
11021,73
485,73
11097,73
3212,73
3796,73
331,73
9554,73
9027,73
3970,73
333,73
10810,73
2476,73
4705,73
6853,73
7732,73
9499,73
9555,73
6454,73
9294,73
6836,73
7692,73
7356,73
9295,73
9297,73
7360,73
3231,73
10627,73
8056,73
4428,73
9299,73
4433,73
7921,73
7920,73
10344,73
2074,73
10630,73
10351,73
10350,73
10629,73
7060,73
16140,73
16124,73
993,73
11037,73
385,73
13480,73
13242,73
10804,73
1248,73
10805,73
13821,73
10802,73
13515,73
12262,73
1350,73
1158,73
9353,73
13490,73
1053,73
9713,73
8496,73
9710,73
14196,73
1017,73
1686,73
2213,73
3133,73
2365,73
6447,73
4275,73
9711,73
13796,73
62,73
13516,73
3457,73
3709,73
1255,73
13519,73
10803,73
3714,73
10602,73
16062,73
2459,73
2460,73
11908,73
13491,73
13213,73
16941,73
15000,73
11822,73
14138,73
10801,73
13489,73
1051,73
4520,74
6405,74
5101,74
12060,74
4522,74
11231,74
9393,74
5013,74
10581,74
11573,74
12061,74
11236,74
11235,74
5097,74
6469,74
6777,74
6136,74
12501,74
11679,74
7701,74
4512,74
11229,74
11682,74
11572,74
4525,74
10580,74
10583,74
11397,74
5720,74
11570,74
9470,74
10582,74
3876,74
10579,74
12058,74
12496,74
11571,74
12052,74
11674,74
3891,74
5102,74
3885,74
11683,74
11681,74
5506,74
11391,74
6156,74
9538,74
5016,74
11684,74
6414,74
11735,74
10775,74
5015,74
12053,74
12957,74
6466,74
12170,74
11675,74
11678,74
11393,74
11576,74
11392,74
11676,74
12494,74
11232,74
11737,74
6563,74
5096,74
6243,74
9390,74
9771,74
9524,74
6058,74
11574,74
7096,74
10643,74
9780,74
11575,74
3785,74
3890,74
6019,74
3985,74
11750,74
11649,74
7337,74
5717,74
4134,74
12008,74
6872,74
11230,74
12357,74
3886,74
13684,74
3888,74
6873,74
12013,74
4130,74
12169,74
13692,74
16705,74
12171,74
3779,74
5173,74
12933,74
3877,74
12003,74
12934,74
3990,74
9333,74
13685,74
6410,74
7543,74
12952,74
4519,74
5395,74
5393,74
16817,74
3435,74
4894,74
4118,74
5172,74
16759,74
14361,74
637,74
12168,74
238,74
14005,74
3431,74
6159,74
2134,74
14000,74
11673,74
9389,74
14207,74
11096,74
11233,74
14362,74
6413,74
3377,74
14120,74
3561,74
2133,74
14206,74
14360,74
5508,74
4113,74
14208,74
368,74
6126,74
13683,74
6075,74
13128,74
8928,74
12102,74
1487,74
12012,74
12099,74
12098,74
12007,74
12030,74
12097,74
2871,74
16641,74
14359,74
16690,74
11867,74
8938,74
11866,74
8940,74
14358,74
8756,74
16676,74
16718,74
16815,74
1978,74
16868,74
9251,74
14288,74
12931,74
9250,74
2132,74
14872,74
12961,74
67,74
14867,74
9330,74
9796,74
4521,74
11810,74
12226,74
15870,74
12223,74
11813,74
6781,74
13193,74
638,74
16736,74
16726,74
16758,74
16721,74
1675,74
9946,74
9163,74
13143,74
16522,74
2727,74
16448,74
9162,74
1372,74
15156,75
16133,75
16450,75
8147,75
490,75
6235,75
15657,75
15100,75
15636,75
12606,75
15634,75
14727,75
3535,75
12605,75
12977,75
15095,75
6806,75
3532,75
14726,75
6805,75
4874,75
5975,75
14720,75
2357,75
4875,75
14924,75
5974,75
15848,75
14712,75
5973,75
16502,75
15758,75
12649,75
5976,75
3334,75
12385,75
13103,75
16347,75
16346,75
4534,75
16206,75
12475,75
15631,75
15637,75
1561,75
486,75
4563,75
6820,75
1602,75
14535,75
1597,75
15153,75
6822,75
6821,75
917,75
1599,75
1601,75
1600,75
11539,75
6072,75
5171,75
11993,75
922,75
15282,75
1598,75
15152,75
1291,75
2358,75
920,75
923,75
921,75
11467,75
4570,75
13672,75
5622,75
7058,75
15287,75
15125,75
1133,75
7419,75
1159,75
14518,75
7028,75
13607,75
13613,75
13668,75
13615,75
7428,75
15158,75
15131,75
14536,75
15127,75
8829,75
7872,75
7871,75
7878,75
15283,75
7876,75
5598,75
12650,75
15121,75
4341,75
4689,75
5164,75
16912,75
12801,75
10541,75
9037,75
10829,75
10543,75
10980,75
4149,75
10893,75
11732,75
14933,75
10595,75
12031,75
2534,75
15187,75
15185,75
15186,75
5162,75
2137,75
2363,75
11919,75
2874,75
11023,75
3760,75
3761,75
3697,75
6368,75
11336,75
755,75
12882,75
1246,75
1245,75
11916,75
11918,75
13356,75
10591,75
10594,75
12798,75
3738,75
11487,75
10592,75
10593,75
6079,75
11488,75
6124,75
5166,75
12799,75
6367,75
10596,75
12255,75
16927,75
2884,75
11484,75
5165,75
11479,75
10816,75
10597,75
11917,75
12796,75
4721,75
11733,75
985,75
10727,75
690,75
782,75
144,75
11884,75
865,75
861,75
148,75
826,75
1331,75
831,75
710,75
140,75
1252,75
698,75
11793,75
707,75
1115,75
139,75
701,75
942,75
667,75
828,75
145,75
811,75
29,75
13738,75
697,75
657,75
13737,75
666,75
13513,75
13642,75
779,75
664,75
780,75
948,75
665,75
13636,75
954,75
778,75
706,75
13635,75
863,75
859,75
694,75
146,75
13640,75
696,75
953,75
823,75
13838,75
13637,75
136,75
138,75
143,75
15106,76
11540,76
6572,76
9202,76
12474,76
1136,76
13399,76
7754,76
7755,76
15850,76
3032,76
15849,76
10126,76
7529,76
9203,76
6575,76
16204,76
10125,76
7753,76
9204,76
12441,76
9051,76
6567,76
16449,76
10120,76
9054,76
1556,76
1559,76
1969,76
10121,76
10117,76
10123,76
7411,76
1973,76
15635,76
6807,76
13257,76
13398,76
10883,76
12707,76
8351,76
16339,76
1403,76
5590,76
1872,76
2356,76
5370,76
7437,76
16126,76
5664,76
5754,76
5971,76
11079,76
6063,76
3533,76
5669,76
5596,76
16411,76
5593,76
483,76
16202,76
4041,76
11078,76
5615,76
4040,76
5371,76
7438,76
16151,76
16381,76
4825,76
15997,76
16380,76
4039,76
16136,76
4037,76
15725,76
5668,76
13233,76
5972,76
8969,76
5665,76
5611,76
5597,76
5601,76
10878,76
5613,76
5663,76
12978,76
15689,76
14725,76
2154,76
15690,76
10882,76
9994,76
1917,76
9220,76
16441,76
16467,76
870,76
1919,76
16508,76
13123,76
1674,76
11475,76
3667,76
588,76
3315,76
1661,76
13126,76
2053,76
11116,76
12367,76
12364,76
872,76
11470,76
12366,76
12368,76
1503,76
6073,76
11117,76
9941,76
7889,76
16523,76
13144,76
13121,76
5788,76
1504,76
11992,76
2728,76
681,76
11472,76
3406,76
15094,76
2102,76
13056,76
13228,76
1506,76
7865,76
2224,76
15284,76
1502,76
1660,76
7879,76
6070,76
16466,76
14534,76
871,76
6068,76
5591,76
12651,76
1672,76
7891,76
1617,76
12523,76
15134,76
13235,76
13179,76
13187,76
13229,76
14529,76
11469,76
9521,76
586,76
13191,76
7347,76
2223,76
1379,76
2051,76
16560,76
684,76
594,76
3695,76
12167,76
12241,76
12254,76
1654,76
1212,76
6077,76
1237,76
2338,76
14886,76
2077,76
11489,76
2528,76
1634,76
2339,76
1485,76
2533,76
11734,76
1211,76
2535,76
2366,76
12800,76
2337,76
2258,76
2532,76
6080,76
1236,76
2340,76
1216,76
1119,76
4345,76
1213,76
4722,76
3131,76
1635,76
11920,76
367,76
2342,76
6078,76
1636,76
12298,76
7039,76
7042,76
13594,76
13595,76
4402,76
7041,76
4278,76
7040,76
11706,77
12493,77
11929,77
2714,77
2760,77
2713,77
2759,77
13050,77
13286,77
2762,77
3622,77
2763,77
11124,77
1563,77
445,77
13391,77
13186,77
13287,77
13250,77
1250,77
2073,77
444,77
13189,77
11703,77
11702,77
3626,77
2181,77
1567,77
12374,77
1566,77
12459,77
4046,77
2149,77
2754,77
11704,77
12461,77
12020,77
4047,77
13288,77
13190,77
13188,77
13182,77
13055,77
13180,77
11928,77
11925,77
13185,77
12017,77
12019,77
13392,77
7739,77
12458,77
12462,77
11926,77
13049,77
12495,77
13051,77
6852,77
11705,77
12460,77
4568,77
4049,77
2182,77
2131,77
5170,77
2126,77
13217,77
14765,77
1104,77
12989,77
11927,77
440,77
13293,77
5262,77
7132,77
130,77
443,77
11973,77
442,77
446,77
2170,77
284,77
6004,77
285,77
13612,77
88,77
12866,77
1433,77
6005,77
1431,77
1127,77
13052,77
3851,77
1128,77
2171,77
13069,77
14839,77
1105,77
1432,77
1107,77
2150,77
1440,77
1439,77
125,77
1108,77
2208,77
3128,77
1106,77
2153,77
2152,77
13184,77
12018,77
13183,77
2442,77
12492,77
1436,77
14838,77
2151,77
3791,77
2518,77
12867,77
11923,77
2512,77
1132,77
2175,77
5261,77
12498,77
13219,77
2173,77
2146,77
2515,77
2712,77
2492,77
2445,77
2487,77
2444,77
2447,77
2148,77
2147,77
2831,77
3797,77
13066,77
2449,77
13067,77
13393,77
1052,77
2729,77
1916,77
3173,77
3172,77
1758,77
9518,77
12497,77
634,77
11115,77
12479,77
12975,77
589,77
13141,77
13178,77
13059,77
13230,77
13124,77
11355,77
13231,77
13057,77
13058,77
16442,77
3666,77
1673,77
13385,77
1508,77
711,77
13147,77
13062,77
12118,77
16443,77
9332,77
16507,77
1505,77
1507,77
9334,77
13060,77
1049,77
714,77
1380,77
13227,77
1913,77
3407,77
1618,77
3408,77
13119,77
16444,77
16565,77
3665,77
9945,77
13125,77
1381,77
11354,77
1383,77
2938,77
2478,77
587,77
2932,77
13234,77
635,77
2937,77
10196,78
15097,78
5456,78
10817,78
10820,78
10818,78
10136,78
3395,78
3400,78
10135,78
10128,78
3397,78
5460,78
5459,78
5458,78
4592,78
5461,78
3825,78
3824,78
7823,78
3394,78
3823,78
3398,78
16668,78
12487,78
12488,78
5454,78
13822,78
5455,78
13495,78
16907,78
10133,78
10819,78
13935,78
14049,78
14183,78
14002,78
14015,78
14222,78
16905,78
7660,78
14184,78
11480,78
11485,78
14174,78
16906,78
14117,78
11483,78
7659,78
14249,78
11482,78
14246,78
13940,78
16904,78
14057,78
14032,78
13938,78
14030,78
14180,78
16903,78
16902,78
13446,78
14031,78
12365,78
14001,78
14248,78
14178,78
10387,78
14213,78
14247,78
13850,78
13823,78
9171,78
13851,78
14286,78
14011,78
13941,78
7658,78
13939,78
11412,78
13942,78
14119,78
10017,78
14003,78
14419,78
14054,78
15659,78
14486,78
9170,78
14221,78
13493,78
14028,78
15522,78
14422,78
14039,78
14038,78
16908,78
12486,78
14034,78
14118,78
14014,78
10194,78
13937,78
8558,78
206,78
11026,78
16039,78
16040,78
16058,78
16166,78
16400,78
5248,78
5658,78
11383,78
10718,78
16087,78
16088,78
15813,78
15747,78
11027,78
13705,78
14537,78
14538,78
15617,78
4282,78
9467,78
14448,78
10049,78
11035,78
15037,78
15046,78
15045,78
9949,78
9695,78
9658,78
9947,78
11366,78
11178,78
11085,78
9817,78
11367,78
11742,78
11749,78
9815,78
11174,78
488,78
487,78
11432,78
12939,78
12938,78
14659,78
2664,78
13704,78
8360,78
11254,78
11368,78
11371,78
11374,78
11259,78
11260,78
11255,78
13783,78
7512,78
11372,78
11373,78
15242,78
2666,78
12784,78
13784,78
15104,78
15137,78
4110,78
14861,78
2216,78
16539,78
7017,78
7021,78
14012,78
13782,78
15333,78
15433,78
9230,78
16388,78
9593,78
9567,78
15802,78
11768,78
15557,78
10195,78
13494,78
11375,78
9987,78
10447,78
8384,78
14844,78
14594,78
15450,78
15043,79
15044,79
4084,79
7014,79
14921,79
7019,79
4085,79
283,79
8666,79
8663,79
11869,79
7515,79
6995,79
7000,79
6993,79
7023,79
182,79
11770,79
14897,79
7016,79
7203,79
14620,79
14901,79
4109,79
12778,79
13527,79
12941,79
12476,79
15138,79
6833,79
4112,79
9651,79
14902,79
9199,79
4111,79
11868,79
14357,79
11769,79
8662,79
5070,79
15391,79
12064,79
17,79
14899,79
282,79
16482,79
16484,79
9649,79
10389,79
16481,79
7514,79
6831,79
5472,79
16472,79
16483,79
180,79
12069,79
14925,79
6832,79
14622,79
7939,79
9468,79
16485,79
3211,79
12940,79
4895,79
5060,79
5059,79
5056,79
5065,79
4897,79
4891,79
5062,79
7022,79
15265,79
6998,79
7015,79
6999,79
11493,79
4108,79
11870,79
2386,79
1838,79
4103,79
1840,79
1835,79
2378,79
15799,79
1839,79
16602,79
7077,79
15800,79
8626,79
2552,79
6740,79
9352,79
9349,79
1657,79
2559,79
16601,79
4106,79
8630,79
6743,79
7076,79
16598,79
9195,79
6168,79
2373,79
16600,79
6728,79
481,79
15451,79
4593,79
13138,79
6730,79
8627,79
8983,79
9350,79
6826,79
6825,79
13536,79
13523,79
16599,79
2383,79
9351,79
6742,79
482,79
13526,79
6829,79
6960,79
9196,79
2556,79
8625,79
8631,79
7929,79
14599,79
6959,79
8632,79
8623,79
8489,79
8486,79
9600,79
8267,79
9198,79
7080,79
7924,79
8491,79
7081,79
9201,79
2554,79
6374,79
8490,79
13137,79
6961,79
6553,79
7020,79
6732,79
9526,79
13122,79
8105,79
9229,79
9944,79
15558,79
8106,79
10449,79
8385,79
9596,79
15452,79
10374,79
8386,79
10450,79
15332,79
15453,79
4397,80
4596,80
5174,80
2166,80
2163,80
15110,80
6406,80
10378,80
4394,80
11812,80
11811,80
14745,80
15722,80
15723,80
2977,80
4399,80
15413,80
15111,80
15718,80
2981,80
14824,80
14738,80
11415,80
6409,80
2987,80
14746,80
14743,80
13476,80
2055,80
8483,80
15412,80
3958,80
14741,80
15674,80
8480,80
14821,80
14822,80
14823,80
15676,80
14740,80
15516,80
10615,80
11102,80
10616,80
14735,80
2991,80
15976,80
15721,80
15974,80
7160,80
10851,80
7155,80
2052,80
2056,80
15108,80
8851,80
13475,80
2057,80
2975,80
2058,80
11775,80
5921,80
2164,80
15719,80
8473,80
15661,80
4396,80
8820,80
11816,80
15660,80
15679,80
15677,80
4392,80
11771,80
11814,80
15724,80
11101,80
8482,80
8822,80
6407,80
15109,80
15678,80
3956,80
15973,80
959,80
15675,80
8479,80
8821,80
15515,80
15512,80
15673,80
5922,80
236,80
15972,80
15978,80
13871,80
13469,80
15975,80
2059,80
7914,80
11095,80
8484,80
11413,80
16531,80
1055,80
8635,80
16688,80
16783,80
3829,80
3649,80
2050,80
4597,80
5368,80
4390,80
4598,80
4400,80
5366,80
4599,80
5369,80
2169,80
14744,80
5364,80
5372,80
4033,80
5373,80
7773,80
8789,80
8747,80
16559,80
14736,80
16558,80
16541,80
8743,80
16557,80
13944,80
11414,80
3839,80
8746,80
14742,80
8790,80
4594,80
3838,80
8742,80
16650,80
16667,80
4395,80
13872,80
16651,80
16540,80
12106,80
16412,80
16396,80
16357,80
12105,80
12104,80
16409,80
10617,80
16782,80
8634,80
15353,80
1054,80
8633,80
12675,80
16414,80
4398,80
12092,80
13209,80
13351,80
